INFO:     Will watch for changes in these directories: ['/Users/dipayansardar/crystal-planetoid/backend']
INFO:     Uvicorn running on http://0.0.0.0:8000 (Press CTRL+C to quit)
INFO:     Started reloader process [6191] using StatReload
/Users/dipayansardar/crystal-planetoid/backend/venv/lib/python3.9/site-packages/urllib3/__init__.py:35: NotOpenSSLWarning: urllib3 v2 only supports OpenSSL 1.1.1+, currently the 'ssl' module is compiled with 'LibreSSL 2.8.3'. See: https://github.com/urllib3/urllib3/issues/3020
  warnings.warn(
INFO:     Started server process [6195]
INFO:     Waiting for application startup.
Loading Global Model Database: default_asl...
Failed to load model default_asl: <class 'keras.src.models.sequential.Sequential'> could not be deserialized properly. Please ensure that components that are Python object instances (layers, models, etc.) returned by `get_config()` are explicitly deserialized in the model's `from_config()` method.

config={'module': 'keras', 'class_name': 'Sequential', 'config': {'name': 'sequential', 'trainable': True, 'dtype': {'module': 'keras', 'class_name': 'DTypePolicy', 'config': {'name': 'float32'}, 'registered_name': None, 'shared_object_id': 1822200533264}, 'layers': [{'module': 'keras.layers', 'class_name': 'InputLayer', 'config': {'batch_shape': [None, 30, 1662], 'dtype': 'float32', 'sparse': False, 'ragged': False, 'name': 'input_layer', 'optional': False}, 'registered_name': None}, {'module': 'keras.layers', 'class_name': 'LSTM', 'config': {'name': 'lstm', 'trainable': True, 'dtype': {'module': 'keras', 'class_name': 'DTypePolicy', 'config': {'name': 'float32'}, 'registered_name': None, 'shared_object_id': 1822200533264}, 'return_sequences': True, 'return_state': False, 'go_backwards': False, 'stateful': False, 'unroll': False, 'zero_output_for_mask': False, 'units': 64, 'activation': 'relu', 'recurrent_activation': 'sigmoid', 'use_bias': True, 'kernel_initializer': {'module': 'keras.initializers', 'class_name': 'GlorotUniform', 'config': {'seed': None}, 'registered_name': None, 'shared_object_id': 1822114775440}, 'recurrent_initializer': {'module': 'keras.initializers', 'class_name': 'Orthogonal', 'config': {'seed': None, 'gain': 1.0}, 'registered_name': None, 'shared_object_id': 1822201936272}, 'bias_initializer': {'module': 'keras.initializers', 'class_name': 'Zeros', 'config': {}, 'registered_name': None, 'shared_object_id': 1822200595344}, 'unit_forget_bias': True, 'kernel_regularizer': None, 'recurrent_regularizer': None, 'bias_regularizer': None, 'activity_regularizer': None, 'kernel_constraint': None, 'recurrent_constraint': None, 'bias_constraint': None, 'dropout': 0.0, 'recurrent_dropout': 0.0, 'seed': None}, 'registered_name': None, 'build_config': {'input_shape': [None, 30, 1662]}}, {'module': 'keras.layers', 'class_name': 'LSTM', 'config': {'name': 'lstm_1', 'trainable': True, 'dtype': {'module': 'keras', 'class_name': 'DTypePolicy', 'config': {'name': 'float32'}, 'registered_name': None, 'shared_object_id': 1822200533264}, 'return_sequences': True, 'return_state': False, 'go_backwards': False, 'stateful': False, 'unroll': False, 'zero_output_for_mask': False, 'units': 128, 'activation': 'relu', 'recurrent_activation': 'sigmoid', 'use_bias': True, 'kernel_initializer': {'module': 'keras.initializers', 'class_name': 'GlorotUniform', 'config': {'seed': None}, 'registered_name': None, 'shared_object_id': 1822115045328}, 'recurrent_initializer': {'module': 'keras.initializers', 'class_name': 'Orthogonal', 'config': {'seed': None, 'gain': 1.0}, 'registered_name': None, 'shared_object_id': 1822115047056}, 'bias_initializer': {'module': 'keras.initializers', 'class_name': 'Zeros', 'config': {}, 'registered_name': None, 'shared_object_id': 1822115047376}, 'unit_forget_bias': True, 'kernel_regularizer': None, 'recurrent_regularizer': None, 'bias_regularizer': None, 'activity_regularizer': None, 'kernel_constraint': None, 'recurrent_constraint': None, 'bias_constraint': None, 'dropout': 0.0, 'recurrent_dropout': 0.0, 'seed': None}, 'registered_name': None, 'build_config': {'input_shape': [None, 30, 64]}}, {'module': 'keras.layers', 'class_name': 'LSTM', 'config': {'name': 'lstm_2', 'trainable': True, 'dtype': {'module': 'keras', 'class_name': 'DTypePolicy', 'config': {'name': 'float32'}, 'registered_name': None, 'shared_object_id': 1822200533264}, 'return_sequences': False, 'return_state': False, 'go_backwards': False, 'stateful': False, 'unroll': False, 'zero_output_for_mask': False, 'units': 64, 'activation': 'relu', 'recurrent_activation': 'sigmoid', 'use_bias': True, 'kernel_initializer': {'module': 'keras.initializers', 'class_name': 'GlorotUniform', 'config': {'seed': None}, 'registered_name': None, 'shared_object_id': 1822115127824}, 'recurrent_initializer': {'module': 'keras.initializers', 'class_name': 'Orthogonal', 'config': {'seed': None, 'gain': 1.0}, 'registered_name': None, 'shared_object_id': 1822115134160}, 'bias_initializer': {'module': 'keras.initializers', 'class_name': 'Zeros', 'config': {}, 'registered_name': None, 'shared_object_id': 1822115135120}, 'unit_forget_bias': True, 'kernel_regularizer': None, 'recurrent_regularizer': None, 'bias_regularizer': None, 'activity_regularizer': None, 'kernel_constraint': None, 'recurrent_constraint': None, 'bias_constraint': None, 'dropout': 0.0, 'recurrent_dropout': 0.0, 'seed': None}, 'registered_name': None, 'build_config': {'input_shape': [None, 30, 128]}}, {'module': 'keras.layers', 'class_name': 'Dense', 'config': {'name': 'dense', 'trainable': True, 'dtype': {'module': 'keras', 'class_name': 'DTypePolicy', 'config': {'name': 'float32'}, 'registered_name': None, 'shared_object_id': 1822200533264}, 'units': 64, 'activation': 'relu', 'use_bias': True, 'kernel_initializer': {'module': 'keras.initializers', 'class_name': 'GlorotUniform', 'config': {'seed': None}, 'registered_name': None}, 'bias_initializer': {'module': 'keras.initializers', 'class_name': 'Zeros', 'config': {}, 'registered_name': None}, 'kernel_regularizer': None, 'bias_regularizer': None, 'kernel_constraint': None, 'bias_constraint': None, 'quantization_config': None}, 'registered_name': None, 'build_config': {'input_shape': [None, 64]}}, {'module': 'keras.layers', 'class_name': 'Dense', 'config': {'name': 'dense_1', 'trainable': True, 'dtype': {'module': 'keras', 'class_name': 'DTypePolicy', 'config': {'name': 'float32'}, 'registered_name': None, 'shared_object_id': 1822200533264}, 'units': 32, 'activation': 'relu', 'use_bias': True, 'kernel_initializer': {'module': 'keras.initializers', 'class_name': 'GlorotUniform', 'config': {'seed': None}, 'registered_name': None}, 'bias_initializer': {'module': 'keras.initializers', 'class_name': 'Zeros', 'config': {}, 'registered_name': None}, 'kernel_regularizer': None, 'bias_regularizer': None, 'kernel_constraint': None, 'bias_constraint': None, 'quantization_config': None}, 'registered_name': None, 'build_config': {'input_shape': [None, 64]}}, {'module': 'keras.layers', 'class_name': 'Dense', 'config': {'name': 'dense_2', 'trainable': True, 'dtype': {'module': 'keras', 'class_name': 'DTypePolicy', 'config': {'name': 'float32'}, 'registered_name': None, 'shared_object_id': 1822200533264}, 'units': 3, 'activation': 'softmax', 'use_bias': True, 'kernel_initializer': {'module': 'keras.initializers', 'class_name': 'GlorotUniform', 'config': {'seed': None}, 'registered_name': None}, 'bias_initializer': {'module': 'keras.initializers', 'class_name': 'Zeros', 'config': {}, 'registered_name': None}, 'kernel_regularizer': None, 'bias_regularizer': None, 'kernel_constraint': None, 'bias_constraint': None, 'quantization_config': None}, 'registered_name': None, 'build_config': {'input_shape': [None, 32]}}], 'build_input_shape': [None, 30, 1662]}, 'registered_name': None, 'build_config': {'input_shape': [None, 30, 1662]}, 'compile_config': {'loss': 'categorical_crossentropy', 'loss_weights': None, 'metrics': ['categorical_accuracy'], 'weighted_metrics': None, 'run_eagerly': False, 'steps_per_execution': 1, 'jit_compile': False}}.

Exception encountered: <class 'keras.src.layers.core.dense.Dense'> could not be deserialized properly. Please ensure that components that are Python object instances (layers, models, etc.) returned by `get_config()` are explicitly deserialized in the model's `from_config()` method.

config={'module': 'keras.layers', 'class_name': 'Dense', 'config': {'name': 'dense', 'trainable': True, 'dtype': {'module': 'keras', 'class_name': 'DTypePolicy', 'config': {'name': 'float32'}, 'registered_name': None, 'shared_object_id': 1822200533264}, 'units': 64, 'activation': 'relu', 'use_bias': True, 'kernel_initializer': {'module': 'keras.initializers', 'class_name': 'GlorotUniform', 'config': {'seed': None}, 'registered_name': None}, 'bias_initializer': {'module': 'keras.initializers', 'class_name': 'Zeros', 'config': {}, 'registered_name': None}, 'kernel_regularizer': None, 'bias_regularizer': None, 'kernel_constraint': None, 'bias_constraint': None, 'quantization_config': None}, 'registered_name': None, 'build_config': {'input_shape': [None, 64]}}.

Exception encountered: Error when deserializing class 'Dense' using config={'name': 'dense', 'trainable': True, 'dtype': 'float32', 'units': 64, 'activation': 'relu', 'use_bias': True, 'kernel_initializer': {'module': 'keras.initializers', 'class_name': 'GlorotUniform', 'config': {'seed': None}, 'registered_name': None}, 'bias_initializer': {'module': 'keras.initializers', 'class_name': 'Zeros', 'config': {}, 'registered_name': None}, 'kernel_regularizer': None, 'bias_regularizer': None, 'kernel_constraint': None, 'bias_constraint': None, 'quantization_config': None}.

Exception encountered: Unrecognized keyword arguments passed to Dense: {'quantization_config': None}INFO:     Application startup complete.
WARNING:  StatReload detected changes in 'services/model_router.py'. Reloading...
INFO:     Shutting down
INFO:     Waiting for application shutdown.
INFO:     Application shutdown complete.
INFO:     Finished server process [6195]
/Users/dipayansardar/.gemini/antigravity/playground/crystal-planetoid/backend/venv/lib/python3.9/site-packages/urllib3/__init__.py:35: NotOpenSSLWarning: urllib3 v2 only supports OpenSSL 1.1.1+, currently the 'ssl' module is compiled with 'LibreSSL 2.8.3'. See: https://github.com/urllib3/urllib3/issues/3020
  warnings.warn(
INFO:     Started server process [6316]
INFO:     Waiting for application startup.
Loading Global Model Database: default_asl...
Failed to load model default_asl: <class 'keras.src.models.sequential.Sequential'> could not be deserialized properly. Please ensure that components that are Python object instances (layers, models, etc.) returned by `get_config()` are explicitly deserialized in the model's `from_config()` method.

config={'module': 'keras', 'class_name': 'Sequential', 'config': {'name': 'sequential', 'trainable': True, 'dtype': {'module': 'keras', 'class_name': 'DTypePolicy', 'config': {'name': 'float32'}, 'registered_name': None, 'shared_object_id': 1822200533264}, 'layers': [{'module': 'keras.layers', 'class_name': 'InputLayer', 'config': {'batch_shape': [None, 30, 1662], 'dtype': 'float32', 'sparse': False, 'ragged': False, 'name': 'input_layer', 'optional': False}, 'registered_name': None}, {'module': 'keras.layers', 'class_name': 'LSTM', 'config': {'name': 'lstm', 'trainable': True, 'dtype': {'module': 'keras', 'class_name': 'DTypePolicy', 'config': {'name': 'float32'}, 'registered_name': None, 'shared_object_id': 1822200533264}, 'return_sequences': True, 'return_state': False, 'go_backwards': False, 'stateful': False, 'unroll': False, 'zero_output_for_mask': False, 'units': 64, 'activation': 'relu', 'recurrent_activation': 'sigmoid', 'use_bias': True, 'kernel_initializer': {'module': 'keras.initializers', 'class_name': 'GlorotUniform', 'config': {'seed': None}, 'registered_name': None, 'shared_object_id': 1822114775440}, 'recurrent_initializer': {'module': 'keras.initializers', 'class_name': 'Orthogonal', 'config': {'seed': None, 'gain': 1.0}, 'registered_name': None, 'shared_object_id': 1822201936272}, 'bias_initializer': {'module': 'keras.initializers', 'class_name': 'Zeros', 'config': {}, 'registered_name': None, 'shared_object_id': 1822200595344}, 'unit_forget_bias': True, 'kernel_regularizer': None, 'recurrent_regularizer': None, 'bias_regularizer': None, 'activity_regularizer': None, 'kernel_constraint': None, 'recurrent_constraint': None, 'bias_constraint': None, 'dropout': 0.0, 'recurrent_dropout': 0.0, 'seed': None}, 'registered_name': None, 'build_config': {'input_shape': [None, 30, 1662]}}, {'module': 'keras.layers', 'class_name': 'LSTM', 'config': {'name': 'lstm_1', 'trainable': True, 'dtype': {'module': 'keras', 'class_name': 'DTypePolicy', 'config': {'name': 'float32'}, 'registered_name': None, 'shared_object_id': 1822200533264}, 'return_sequences': True, 'return_state': False, 'go_backwards': False, 'stateful': False, 'unroll': False, 'zero_output_for_mask': False, 'units': 128, 'activation': 'relu', 'recurrent_activation': 'sigmoid', 'use_bias': True, 'kernel_initializer': {'module': 'keras.initializers', 'class_name': 'GlorotUniform', 'config': {'seed': None}, 'registered_name': None, 'shared_object_id': 1822115045328}, 'recurrent_initializer': {'module': 'keras.initializers', 'class_name': 'Orthogonal', 'config': {'seed': None, 'gain': 1.0}, 'registered_name': None, 'shared_object_id': 1822115047056}, 'bias_initializer': {'module': 'keras.initializers', 'class_name': 'Zeros', 'config': {}, 'registered_name': None, 'shared_object_id': 1822115047376}, 'unit_forget_bias': True, 'kernel_regularizer': None, 'recurrent_regularizer': None, 'bias_regularizer': None, 'activity_regularizer': None, 'kernel_constraint': None, 'recurrent_constraint': None, 'bias_constraint': None, 'dropout': 0.0, 'recurrent_dropout': 0.0, 'seed': None}, 'registered_name': None, 'build_config': {'input_shape': [None, 30, 64]}}, {'module': 'keras.layers', 'class_name': 'LSTM', 'config': {'name': 'lstm_2', 'trainable': True, 'dtype': {'module': 'keras', 'class_name': 'DTypePolicy', 'config': {'name': 'float32'}, 'registered_name': None, 'shared_object_id': 1822200533264}, 'return_sequences': False, 'return_state': False, 'go_backwards': False, 'stateful': False, 'unroll': False, 'zero_output_for_mask': False, 'units': 64, 'activation': 'relu', 'recurrent_activation': 'sigmoid', 'use_bias': True, 'kernel_initializer': {'module': 'keras.initializers', 'class_name': 'GlorotUniform', 'config': {'seed': None}, 'registered_name': None, 'shared_object_id': 1822115127824}, 'recurrent_initializer': {'module': 'keras.initializers', 'class_name': 'Orthogonal', 'config': {'seed': None, 'gain': 1.0}, 'registered_name': None, 'shared_object_id': 1822115134160}, 'bias_initializer': {'module': 'keras.initializers', 'class_name': 'Zeros', 'config': {}, 'registered_name': None, 'shared_object_id': 1822115135120}, 'unit_forget_bias': True, 'kernel_regularizer': None, 'recurrent_regularizer': None, 'bias_regularizer': None, 'activity_regularizer': None, 'kernel_constraint': None, 'recurrent_constraint': None, 'bias_constraint': None, 'dropout': 0.0, 'recurrent_dropout': 0.0, 'seed': None}, 'registered_name': None, 'build_config': {'input_shape': [None, 30, 128]}}, {'module': 'keras.layers', 'class_name': 'Dense', 'config': {'name': 'dense', 'trainable': True, 'dtype': {'module': 'keras', 'class_name': 'DTypePolicy', 'config': {'name': 'float32'}, 'registered_name': None, 'shared_object_id': 1822200533264}, 'units': 64, 'activation': 'relu', 'use_bias': True, 'kernel_initializer': {'module': 'keras.initializers', 'class_name': 'GlorotUniform', 'config': {'seed': None}, 'registered_name': None}, 'bias_initializer': {'module': 'keras.initializers', 'class_name': 'Zeros', 'config': {}, 'registered_name': None}, 'kernel_regularizer': None, 'bias_regularizer': None, 'kernel_constraint': None, 'bias_constraint': None, 'quantization_config': None}, 'registered_name': None, 'build_config': {'input_shape': [None, 64]}}, {'module': 'keras.layers', 'class_name': 'Dense', 'config': {'name': 'dense_1', 'trainable': True, 'dtype': {'module': 'keras', 'class_name': 'DTypePolicy', 'config': {'name': 'float32'}, 'registered_name': None, 'shared_object_id': 1822200533264}, 'units': 32, 'activation': 'relu', 'use_bias': True, 'kernel_initializer': {'module': 'keras.initializers', 'class_name': 'GlorotUniform', 'config': {'seed': None}, 'registered_name': None}, 'bias_initializer': {'module': 'keras.initializers', 'class_name': 'Zeros', 'config': {}, 'registered_name': None}, 'kernel_regularizer': None, 'bias_regularizer': None, 'kernel_constraint': None, 'bias_constraint': None, 'quantization_config': None}, 'registered_name': None, 'build_config': {'input_shape': [None, 64]}}, {'module': 'keras.layers', 'class_name': 'Dense', 'config': {'name': 'dense_2', 'trainable': True, 'dtype': {'module': 'keras', 'class_name': 'DTypePolicy', 'config': {'name': 'float32'}, 'registered_name': None, 'shared_object_id': 1822200533264}, 'units': 3, 'activation': 'softmax', 'use_bias': True, 'kernel_initializer': {'module': 'keras.initializers', 'class_name': 'GlorotUniform', 'config': {'seed': None}, 'registered_name': None}, 'bias_initializer': {'module': 'keras.initializers', 'class_name': 'Zeros', 'config': {}, 'registered_name': None}, 'kernel_regularizer': None, 'bias_regularizer': None, 'kernel_constraint': None, 'bias_constraint': None, 'quantization_config': None}, 'registered_name': None, 'build_config': {'input_shape': [None, 32]}}], 'build_input_shape': [None, 30, 1662]}, 'registered_name': None, 'build_config': {'input_shape': [None, 30, 1662]}, 'compile_config': {'loss': 'categorical_crossentropy', 'loss_weights': None, 'metrics': ['categorical_accuracy'], 'weighted_metrics': None, 'run_eagerly': False, 'steps_per_execution': 1, 'jit_compile': False}}.

Exception encountered: <class 'keras.src.layers.core.dense.Dense'> could not be deserialized properly. Please ensure that components that are Python object instances (layers, models, etc.) returned by `get_config()` are explicitly deserialized in the model's `from_config()` method.

config={'module': 'keras.layers', 'class_name': 'Dense', 'config': {'name': 'dense', 'trainable': True, 'dtype': {'module': 'keras', 'class_name': 'DTypePolicy', 'config': {'name': 'float32'}, 'registered_name': None, 'shared_object_id': 1822200533264}, 'units': 64, 'activation': 'relu', 'use_bias': True, 'kernel_initializer': {'module': 'keras.initializers', 'class_name': 'GlorotUniform', 'config': {'seed': None}, 'registered_name': None}, 'bias_initializer': {'module': 'keras.initializers', 'class_name': 'Zeros', 'config': {}, 'registered_name': None}, 'kernel_regularizer': None, 'bias_regularizer': None, 'kernel_constraint': None, 'bias_constraint': None, 'quantization_config': None}, 'registered_name': None, 'build_config': {'input_shape': [None, 64]}}.

Exception encountered: Error when deserializing class 'Dense' using config={'name': 'dense', 'trainable': True, 'dtype': 'float32', 'units': 64, 'activation': 'relu', 'use_bias': True, 'kernel_initializer': {'module': 'keras.initializers', 'class_name': 'GlorotUniform', 'config': {'seed': None}, 'registered_name': None}, 'bias_initializer': {'module': 'keras.initializers', 'class_name': 'Zeros', 'config': {}, 'registered_name': None}, 'kernel_regularizer': None, 'bias_regularizer': None, 'kernel_constraint': None, 'bias_constraint': None, 'quantization_config': None}.

Exception encountered: Unrecognized keyword arguments passed to Dense: {'quantization_config': None}INFO:     Application startup complete.
INFO:     127.0.0.1:53930 - "WebSocket /ws/video" [accepted]
INFO:     connection open
WARNING: All log messages before absl::InitializeLog() is called are written to STDERR
I0000 00:00:1774628525.952674       1 gl_context.cc:344] GL version: 2.1 (2.1 Metal - 90.5), renderer: Apple M1
INFO: Created TensorFlow Lite XNNPACK delegate for CPU.
I0000 00:00:1774628526.163584       1 gl_context.cc:344] GL version: 2.1 (2.1 Metal - 90.5), renderer: Apple M1
I0000 00:00:1774628526.297607       1 gl_context.cc:344] GL version: 2.1 (2.1 Metal - 90.5), renderer: Apple M1
I0000 00:00:1774628526.453037       1 gl_context.cc:344] GL version: 2.1 (2.1 Metal - 90.5), renderer: Apple M1
I0000 00:00:1774628526.629667       1 gl_context.cc:344] GL version: 2.1 (2.1 Metal - 90.5), renderer: Apple M1
I0000 00:00:1774628526.754567       1 gl_context.cc:344] GL version: 2.1 (2.1 Metal - 90.5), renderer: Apple M1
I0000 00:00:1774628526.888607       1 gl_context.cc:344] GL version: 2.1 (2.1 Metal - 90.5), renderer: Apple M1
I0000 00:00:1774628527.004182       1 gl_context.cc:344] GL version: 2.1 (2.1 Metal - 90.5), renderer: Apple M1
I0000 00:00:1774628527.120290       1 gl_context.cc:344] GL version: 2.1 (2.1 Metal - 90.5), renderer: Apple M1
I0000 00:00:1774628527.242154       1 gl_context.cc:344] GL version: 2.1 (2.1 Metal - 90.5), renderer: Apple M1
I0000 00:00:1774628527.359000       1 gl_context.cc:344] GL version: 2.1 (2.1 Metal - 90.5), renderer: Apple M1
I0000 00:00:1774628527.494600       1 gl_context.cc:344] GL version: 2.1 (2.1 Metal - 90.5), renderer: Apple M1
I0000 00:00:1774628527.642456       1 gl_context.cc:344] GL version: 2.1 (2.1 Metal - 90.5), renderer: Apple M1
I0000 00:00:1774628527.800029       1 gl_context.cc:344] GL version: 2.1 (2.1 Metal - 90.5), renderer: Apple M1
I0000 00:00:1774628527.934786       1 gl_context.cc:344] GL version: 2.1 (2.1 Metal - 90.5), renderer: Apple M1
I0000 00:00:1774628528.079709       1 gl_context.cc:344] GL version: 2.1 (2.1 Metal - 90.5), renderer: Apple M1
I0000 00:00:1774628528.269210       1 gl_context.cc:344] GL version: 2.1 (2.1 Metal - 90.5), renderer: Apple M1
I0000 00:00:1774628528.414050       1 gl_context.cc:344] GL version: 2.1 (2.1 Metal - 90.5), renderer: Apple M1
I0000 00:00:1774628528.569374       1 gl_context.cc:344] GL version: 2.1 (2.1 Metal - 90.5), renderer: Apple M1
I0000 00:00:1774628528.698488       1 gl_context.cc:344] GL version: 2.1 (2.1 Metal - 90.5), renderer: Apple M1
I0000 00:00:1774628528.828979       1 gl_context.cc:344] GL version: 2.1 (2.1 Metal - 90.5), renderer: Apple M1
I0000 00:00:1774628528.952362       1 gl_context.cc:344] GL version: 2.1 (2.1 Metal - 90.5), renderer: Apple M1
I0000 00:00:1774628529.078672       1 gl_context.cc:344] GL version: 2.1 (2.1 Metal - 90.5), renderer: Apple M1
I0000 00:00:1774628529.212097       1 gl_context.cc:344] GL version: 2.1 (2.1 Metal - 90.5), renderer: Apple M1
I0000 00:00:1774628529.344562       1 gl_context.cc:344] GL version: 2.1 (2.1 Metal - 90.5), renderer: Apple M1
I0000 00:00:1774628529.537262       1 gl_context.cc:344] GL version: 2.1 (2.1 Metal - 90.5), renderer: Apple M1
I0000 00:00:1774628529.662096       1 gl_context.cc:344] GL version: 2.1 (2.1 Metal - 90.5), renderer: Apple M1
I0000 00:00:1774628529.786542       1 gl_context.cc:344] GL version: 2.1 (2.1 Metal - 90.5), renderer: Apple M1
I0000 00:00:1774628529.928715       1 gl_context.cc:344] GL version: 2.1 (2.1 Metal - 90.5), renderer: Apple M1
I0000 00:00:1774628530.078978       1 gl_context.cc:344] GL version: 2.1 (2.1 Metal - 90.5), renderer: Apple M1
I0000 00:00:1774628530.312366       1 gl_context.cc:344] GL version: 2.1 (2.1 Metal - 90.5), renderer: Apple M1
I0000 00:00:1774628530.538627       1 gl_context.cc:344] GL version: 2.1 (2.1 Metal - 90.5), renderer: Apple M1
I0000 00:00:1774628530.695225       1 gl_context.cc:344] GL version: 2.1 (2.1 Metal - 90.5), renderer: Apple M1
I0000 00:00:1774628530.837889       1 gl_context.cc:344] GL version: 2.1 (2.1 Metal - 90.5), renderer: Apple M1
I0000 00:00:1774628530.978359       1 gl_context.cc:344] GL version: 2.1 (2.1 Metal - 90.5), renderer: Apple M1
I0000 00:00:1774628531.119429       1 gl_context.cc:344] GL version: 2.1 (2.1 Metal - 90.5), renderer: Apple M1
I0000 00:00:1774628531.249153       1 gl_context.cc:344] GL version: 2.1 (2.1 Metal - 90.5), renderer: Apple M1
I0000 00:00:1774628531.377948       1 gl_context.cc:344] GL version: 2.1 (2.1 Metal - 90.5), renderer: Apple M1
I0000 00:00:1774628531.577925       1 gl_context.cc:344] GL version: 2.1 (2.1 Metal - 90.5), renderer: Apple M1
I0000 00:00:1774628531.718273       1 gl_context.cc:344] GL version: 2.1 (2.1 Metal - 90.5), renderer: Apple M1
I0000 00:00:1774628531.945199       1 gl_context.cc:344] GL version: 2.1 (2.1 Metal - 90.5), renderer: Apple M1
I0000 00:00:1774628532.128134       1 gl_context.cc:344] GL version: 2.1 (2.1 Metal - 90.5), renderer: Apple M1
I0000 00:00:1774628532.296852       1 gl_context.cc:344] GL version: 2.1 (2.1 Metal - 90.5), renderer: Apple M1
I0000 00:00:1774628532.469653       1 gl_context.cc:344] GL version: 2.1 (2.1 Metal - 90.5), renderer: Apple M1
I0000 00:00:1774628532.628450       1 gl_context.cc:344] GL version: 2.1 (2.1 Metal - 90.5), renderer: Apple M1
I0000 00:00:1774628532.816754       1 gl_context.cc:344] GL version: 2.1 (2.1 Metal - 90.5), renderer: Apple M1
I0000 00:00:1774628533.027765       1 gl_context.cc:344] GL version: 2.1 (2.1 Metal - 90.5), renderer: Apple M1
I0000 00:00:1774628533.197211       1 gl_context.cc:344] GL version: 2.1 (2.1 Metal - 90.5), renderer: Apple M1
I0000 00:00:1774628533.364572       1 gl_context.cc:344] GL version: 2.1 (2.1 Metal - 90.5), renderer: Apple M1
I0000 00:00:1774628533.528548       1 gl_context.cc:344] GL version: 2.1 (2.1 Metal - 90.5), renderer: Apple M1
I0000 00:00:1774628533.677645       1 gl_context.cc:344] GL version: 2.1 (2.1 Metal - 90.5), renderer: Apple M1
I0000 00:00:1774628533.845202       1 gl_context.cc:344] GL version: 2.1 (2.1 Metal - 90.5), renderer: Apple M1
I0000 00:00:1774628534.017916       1 gl_context.cc:344] GL version: 2.1 (2.1 Metal - 90.5), renderer: Apple M1
I0000 00:00:1774628534.180266       1 gl_context.cc:344] GL version: 2.1 (2.1 Metal - 90.5), renderer: Apple M1
I0000 00:00:1774628534.327079       1 gl_context.cc:344] GL version: 2.1 (2.1 Metal - 90.5), renderer: Apple M1
I0000 00:00:1774628534.468861       1 gl_context.cc:344] GL version: 2.1 (2.1 Metal - 90.5), renderer: Apple M1
I0000 00:00:1774628534.619204       1 gl_context.cc:344] GL version: 2.1 (2.1 Metal - 90.5), renderer: Apple M1
I0000 00:00:1774628534.785264       1 gl_context.cc:344] GL version: 2.1 (2.1 Metal - 90.5), renderer: Apple M1
I0000 00:00:1774628534.961028       1 gl_context.cc:344] GL version: 2.1 (2.1 Metal - 90.5), renderer: Apple M1
I0000 00:00:1774628535.136530       1 gl_context.cc:344] GL version: 2.1 (2.1 Metal - 90.5), renderer: Apple M1
I0000 00:00:1774628535.251730       1 gl_context.cc:344] GL version: 2.1 (2.1 Metal - 90.5), renderer: Apple M1
I0000 00:00:1774628535.378106       1 gl_context.cc:344] GL version: 2.1 (2.1 Metal - 90.5), renderer: Apple M1
I0000 00:00:1774628535.500832       1 gl_context.cc:344] GL version: 2.1 (2.1 Metal - 90.5), renderer: Apple M1
I0000 00:00:1774628535.628790       1 gl_context.cc:344] GL version: 2.1 (2.1 Metal - 90.5), renderer: Apple M1
I0000 00:00:1774628535.767630       1 gl_context.cc:344] GL version: 2.1 (2.1 Metal - 90.5), renderer: Apple M1
I0000 00:00:1774628535.886389       1 gl_context.cc:344] GL version: 2.1 (2.1 Metal - 90.5), renderer: Apple M1
I0000 00:00:1774628536.011853       1 gl_context.cc:344] GL version: 2.1 (2.1 Metal - 90.5), renderer: Apple M1
I0000 00:00:1774628536.134540       1 gl_context.cc:344] GL version: 2.1 (2.1 Metal - 90.5), renderer: Apple M1
I0000 00:00:1774628536.252072       1 gl_context.cc:344] GL version: 2.1 (2.1 Metal - 90.5), renderer: Apple M1
I0000 00:00:1774628536.370615       1 gl_context.cc:344] GL version: 2.1 (2.1 Metal - 90.5), renderer: Apple M1
I0000 00:00:1774628536.498144       1 gl_context.cc:344] GL version: 2.1 (2.1 Metal - 90.5), renderer: Apple M1
I0000 00:00:1774628536.619399       1 gl_context.cc:344] GL version: 2.1 (2.1 Metal - 90.5), renderer: Apple M1
I0000 00:00:1774628536.744858       1 gl_context.cc:344] GL version: 2.1 (2.1 Metal - 90.5), renderer: Apple M1
I0000 00:00:1774628536.865726       1 gl_context.cc:344] GL version: 2.1 (2.1 Metal - 90.5), renderer: Apple M1
I0000 00:00:1774628536.998399       1 gl_context.cc:344] GL version: 2.1 (2.1 Metal - 90.5), renderer: Apple M1
I0000 00:00:1774628537.209800       1 gl_context.cc:344] GL version: 2.1 (2.1 Metal - 90.5), renderer: Apple M1
I0000 00:00:1774628537.444766       1 gl_context.cc:344] GL version: 2.1 (2.1 Metal - 90.5), renderer: Apple M1
I0000 00:00:1774628537.818228       1 gl_context.cc:344] GL version: 2.1 (2.1 Metal - 90.5), renderer: Apple M1
I0000 00:00:1774628538.078955       1 gl_context.cc:344] GL version: 2.1 (2.1 Metal - 90.5), renderer: Apple M1
I0000 00:00:1774628538.196148       1 gl_context.cc:344] GL version: 2.1 (2.1 Metal - 90.5), renderer: Apple M1
I0000 00:00:1774628538.304579       1 gl_context.cc:344] GL version: 2.1 (2.1 Metal - 90.5), renderer: Apple M1
I0000 00:00:1774628538.411042       1 gl_context.cc:344] GL version: 2.1 (2.1 Metal - 90.5), renderer: Apple M1
I0000 00:00:1774628538.529130       1 gl_context.cc:344] GL version: 2.1 (2.1 Metal - 90.5), renderer: Apple M1
I0000 00:00:1774628538.636505       1 gl_context.cc:344] GL version: 2.1 (2.1 Metal - 90.5), renderer: Apple M1
I0000 00:00:1774628538.745067       1 gl_context.cc:344] GL version: 2.1 (2.1 Metal - 90.5), renderer: Apple M1
I0000 00:00:1774628538.850098       1 gl_context.cc:344] GL version: 2.1 (2.1 Metal - 90.5), renderer: Apple M1
I0000 00:00:1774628538.962086       1 gl_context.cc:344] GL version: 2.1 (2.1 Metal - 90.5), renderer: Apple M1
I0000 00:00:1774628539.070347       1 gl_context.cc:344] GL version: 2.1 (2.1 Metal - 90.5), renderer: Apple M1
I0000 00:00:1774628539.178256       1 gl_context.cc:344] GL version: 2.1 (2.1 Metal - 90.5), renderer: Apple M1
I0000 00:00:1774628539.285035       1 gl_context.cc:344] GL version: 2.1 (2.1 Metal - 90.5), renderer: Apple M1
I0000 00:00:1774628539.444758       1 gl_context.cc:344] GL version: 2.1 (2.1 Metal - 90.5), renderer: Apple M1
I0000 00:00:1774628539.551856       1 gl_context.cc:344] GL version: 2.1 (2.1 Metal - 90.5), renderer: Apple M1
I0000 00:00:1774628539.662070       1 gl_context.cc:344] GL version: 2.1 (2.1 Metal - 90.5), renderer: Apple M1
I0000 00:00:1774628539.765912       1 gl_context.cc:344] GL version: 2.1 (2.1 Metal - 90.5), renderer: Apple M1
I0000 00:00:1774628539.878234       1 gl_context.cc:344] GL version: 2.1 (2.1 Metal - 90.5), renderer: Apple M1
I0000 00:00:1774628539.998892       1 gl_context.cc:344] GL version: 2.1 (2.1 Metal - 90.5), renderer: Apple M1
I0000 00:00:1774628540.117156       1 gl_context.cc:344] GL version: 2.1 (2.1 Metal - 90.5), renderer: Apple M1
I0000 00:00:1774628540.230107       1 gl_context.cc:344] GL version: 2.1 (2.1 Metal - 90.5), renderer: Apple M1
I0000 00:00:1774628540.336552       1 gl_context.cc:344] GL version: 2.1 (2.1 Metal - 90.5), renderer: Apple M1
I0000 00:00:1774628540.444394       1 gl_context.cc:344] GL version: 2.1 (2.1 Metal - 90.5), renderer: Apple M1
I0000 00:00:1774628540.551117       1 gl_context.cc:344] GL version: 2.1 (2.1 Metal - 90.5), renderer: Apple M1
I0000 00:00:1774628540.665834       1 gl_context.cc:344] GL version: 2.1 (2.1 Metal - 90.5), renderer: Apple M1
I0000 00:00:1774628540.780511       1 gl_context.cc:344] GL version: 2.1 (2.1 Metal - 90.5), renderer: Apple M1
I0000 00:00:1774628540.894465       1 gl_context.cc:344] GL version: 2.1 (2.1 Metal - 90.5), renderer: Apple M1
I0000 00:00:1774628541.008917       1 gl_context.cc:344] GL version: 2.1 (2.1 Metal - 90.5), renderer: Apple M1
I0000 00:00:1774628541.121106       1 gl_context.cc:344] GL version: 2.1 (2.1 Metal - 90.5), renderer: Apple M1
I0000 00:00:1774628541.227972       1 gl_context.cc:344] GL version: 2.1 (2.1 Metal - 90.5), renderer: Apple M1
I0000 00:00:1774628541.336880       1 gl_context.cc:344] GL version: 2.1 (2.1 Metal - 90.5), renderer: Apple M1
I0000 00:00:1774628541.449508       1 gl_context.cc:344] GL version: 2.1 (2.1 Metal - 90.5), renderer: Apple M1
I0000 00:00:1774628541.562282       1 gl_context.cc:344] GL version: 2.1 (2.1 Metal - 90.5), renderer: Apple M1
I0000 00:00:1774628541.670593       1 gl_context.cc:344] GL version: 2.1 (2.1 Metal - 90.5), renderer: Apple M1
I0000 00:00:1774628541.777824       1 gl_context.cc:344] GL version: 2.1 (2.1 Metal - 90.5), renderer: Apple M1
I0000 00:00:1774628541.883340       1 gl_context.cc:344] GL version: 2.1 (2.1 Metal - 90.5), renderer: Apple M1
I0000 00:00:1774628541.987791       1 gl_context.cc:344] GL version: 2.1 (2.1 Metal - 90.5), renderer: Apple M1
I0000 00:00:1774628542.094545       1 gl_context.cc:344] GL version: 2.1 (2.1 Metal - 90.5), renderer: Apple M1
I0000 00:00:1774628542.203981       1 gl_context.cc:344] GL version: 2.1 (2.1 Metal - 90.5), renderer: Apple M1
I0000 00:00:1774628542.311030       1 gl_context.cc:344] GL version: 2.1 (2.1 Metal - 90.5), renderer: Apple M1
I0000 00:00:1774628542.418894       1 gl_context.cc:344] GL version: 2.1 (2.1 Metal - 90.5), renderer: Apple M1
I0000 00:00:1774628542.528730       1 gl_context.cc:344] GL version: 2.1 (2.1 Metal - 90.5), renderer: Apple M1
I0000 00:00:1774628542.636543       1 gl_context.cc:344] GL version: 2.1 (2.1 Metal - 90.5), renderer: Apple M1
I0000 00:00:1774628542.744551       1 gl_context.cc:344] GL version: 2.1 (2.1 Metal - 90.5), renderer: Apple M1
I0000 00:00:1774628542.860614       1 gl_context.cc:344] GL version: 2.1 (2.1 Metal - 90.5), renderer: Apple M1
I0000 00:00:1774628542.968069       1 gl_context.cc:344] GL version: 2.1 (2.1 Metal - 90.5), renderer: Apple M1
I0000 00:00:1774628543.079071       1 gl_context.cc:344] GL version: 2.1 (2.1 Metal - 90.5), renderer: Apple M1
I0000 00:00:1774628543.184834       1 gl_context.cc:344] GL version: 2.1 (2.1 Metal - 90.5), renderer: Apple M1
I0000 00:00:1774628543.294688       1 gl_context.cc:344] GL version: 2.1 (2.1 Metal - 90.5), renderer: Apple M1
I0000 00:00:1774628543.398613       1 gl_context.cc:344] GL version: 2.1 (2.1 Metal - 90.5), renderer: Apple M1
I0000 00:00:1774628543.511050       1 gl_context.cc:344] GL version: 2.1 (2.1 Metal - 90.5), renderer: Apple M1
I0000 00:00:1774628543.628333       1 gl_context.cc:344] GL version: 2.1 (2.1 Metal - 90.5), renderer: Apple M1
I0000 00:00:1774628543.743262       1 gl_context.cc:344] GL version: 2.1 (2.1 Metal - 90.5), renderer: Apple M1
I0000 00:00:1774628543.850564       1 gl_context.cc:344] GL version: 2.1 (2.1 Metal - 90.5), renderer: Apple M1
I0000 00:00:1774628543.961776       1 gl_context.cc:344] GL version: 2.1 (2.1 Metal - 90.5), renderer: Apple M1
I0000 00:00:1774628544.068630       1 gl_context.cc:344] GL version: 2.1 (2.1 Metal - 90.5), renderer: Apple M1
I0000 00:00:1774628544.194921       1 gl_context.cc:344] GL version: 2.1 (2.1 Metal - 90.5), renderer: Apple M1
I0000 00:00:1774628544.360965       1 gl_context.cc:344] GL version: 2.1 (2.1 Metal - 90.5), renderer: Apple M1
I0000 00:00:1774628544.479170       1 gl_context.cc:344] GL version: 2.1 (2.1 Metal - 90.5), renderer: Apple M1
I0000 00:00:1774628544.592001       1 gl_context.cc:344] GL version: 2.1 (2.1 Metal - 90.5), renderer: Apple M1
I0000 00:00:1774628544.707666       1 gl_context.cc:344] GL version: 2.1 (2.1 Metal - 90.5), renderer: Apple M1
I0000 00:00:1774628544.813622       1 gl_context.cc:344] GL version: 2.1 (2.1 Metal - 90.5), renderer: Apple M1
I0000 00:00:1774628544.927582       1 gl_context.cc:344] GL version: 2.1 (2.1 Metal - 90.5), renderer: Apple M1
I0000 00:00:1774628545.059907       1 gl_context.cc:344] GL version: 2.1 (2.1 Metal - 90.5), renderer: Apple M1
I0000 00:00:1774628545.175776       1 gl_context.cc:344] GL version: 2.1 (2.1 Metal - 90.5), renderer: Apple M1
I0000 00:00:1774628545.284742       1 gl_context.cc:344] GL version: 2.1 (2.1 Metal - 90.5), renderer: Apple M1
I0000 00:00:1774628545.394241       1 gl_context.cc:344] GL version: 2.1 (2.1 Metal - 90.5), renderer: Apple M1
I0000 00:00:1774628545.508250       1 gl_context.cc:344] GL version: 2.1 (2.1 Metal - 90.5), renderer: Apple M1
I0000 00:00:1774628545.613127       1 gl_context.cc:344] GL version: 2.1 (2.1 Metal - 90.5), renderer: Apple M1
I0000 00:00:1774628545.724713       1 gl_context.cc:344] GL version: 2.1 (2.1 Metal - 90.5), renderer: Apple M1
I0000 00:00:1774628545.836551       1 gl_context.cc:344] GL version: 2.1 (2.1 Metal - 90.5), renderer: Apple M1
I0000 00:00:1774628545.948502       1 gl_context.cc:344] GL version: 2.1 (2.1 Metal - 90.5), renderer: Apple M1
I0000 00:00:1774628546.060480       1 gl_context.cc:344] GL version: 2.1 (2.1 Metal - 90.5), renderer: Apple M1
I0000 00:00:1774628546.174508       1 gl_context.cc:344] GL version: 2.1 (2.1 Metal - 90.5), renderer: Apple M1
I0000 00:00:1774628546.286703       1 gl_context.cc:344] GL version: 2.1 (2.1 Metal - 90.5), renderer: Apple M1
I0000 00:00:1774628546.401978       1 gl_context.cc:344] GL version: 2.1 (2.1 Metal - 90.5), renderer: Apple M1
I0000 00:00:1774628546.524503       1 gl_context.cc:344] GL version: 2.1 (2.1 Metal - 90.5), renderer: Apple M1
I0000 00:00:1774628546.644255       1 gl_context.cc:344] GL version: 2.1 (2.1 Metal - 90.5), renderer: Apple M1
I0000 00:00:1774628546.757694       1 gl_context.cc:344] GL version: 2.1 (2.1 Metal - 90.5), renderer: Apple M1
I0000 00:00:1774628546.865107       1 gl_context.cc:344] GL version: 2.1 (2.1 Metal - 90.5), renderer: Apple M1
I0000 00:00:1774628546.976212       1 gl_context.cc:344] GL version: 2.1 (2.1 Metal - 90.5), renderer: Apple M1
I0000 00:00:1774628547.084507       1 gl_context.cc:344] GL version: 2.1 (2.1 Metal - 90.5), renderer: Apple M1
I0000 00:00:1774628547.199332       1 gl_context.cc:344] GL version: 2.1 (2.1 Metal - 90.5), renderer: Apple M1
I0000 00:00:1774628547.309035       1 gl_context.cc:344] GL version: 2.1 (2.1 Metal - 90.5), renderer: Apple M1
I0000 00:00:1774628547.662192       1 gl_context.cc:344] GL version: 2.1 (2.1 Metal - 90.5), renderer: Apple M1
I0000 00:00:1774628547.777988       1 gl_context.cc:344] GL version: 2.1 (2.1 Metal - 90.5), renderer: Apple M1
I0000 00:00:1774628547.882133       1 gl_context.cc:344] GL version: 2.1 (2.1 Metal - 90.5), renderer: Apple M1
I0000 00:00:1774628547.991054       1 gl_context.cc:344] GL version: 2.1 (2.1 Metal - 90.5), renderer: Apple M1
I0000 00:00:1774628548.101811       1 gl_context.cc:344] GL version: 2.1 (2.1 Metal - 90.5), renderer: Apple M1
I0000 00:00:1774628548.216647       1 gl_context.cc:344] GL version: 2.1 (2.1 Metal - 90.5), renderer: Apple M1
I0000 00:00:1774628548.327879       1 gl_context.cc:344] GL version: 2.1 (2.1 Metal - 90.5), renderer: Apple M1
I0000 00:00:1774628548.455758       1 gl_context.cc:344] GL version: 2.1 (2.1 Metal - 90.5), renderer: Apple M1
I0000 00:00:1774628548.567268       1 gl_context.cc:344] GL version: 2.1 (2.1 Metal - 90.5), renderer: Apple M1
I0000 00:00:1774628548.689324       1 gl_context.cc:344] GL version: 2.1 (2.1 Metal - 90.5), renderer: Apple M1
I0000 00:00:1774628548.808760       1 gl_context.cc:344] GL version: 2.1 (2.1 Metal - 90.5), renderer: Apple M1
I0000 00:00:1774628548.926195       1 gl_context.cc:344] GL version: 2.1 (2.1 Metal - 90.5), renderer: Apple M1
I0000 00:00:1774628549.043273       1 gl_context.cc:344] GL version: 2.1 (2.1 Metal - 90.5), renderer: Apple M1
I0000 00:00:1774628549.168283       1 gl_context.cc:344] GL version: 2.1 (2.1 Metal - 90.5), renderer: Apple M1
I0000 00:00:1774628549.289654       1 gl_context.cc:344] GL version: 2.1 (2.1 Metal - 90.5), renderer: Apple M1
I0000 00:00:1774628549.401772       1 gl_context.cc:344] GL version: 2.1 (2.1 Metal - 90.5), renderer: Apple M1
I0000 00:00:1774628549.518479       1 gl_context.cc:344] GL version: 2.1 (2.1 Metal - 90.5), renderer: Apple M1
I0000 00:00:1774628549.661022       1 gl_context.cc:344] GL version: 2.1 (2.1 Metal - 90.5), renderer: Apple M1
I0000 00:00:1774628549.777225       1 gl_context.cc:344] GL version: 2.1 (2.1 Metal - 90.5), renderer: Apple M1
I0000 00:00:1774628549.897969       1 gl_context.cc:344] GL version: 2.1 (2.1 Metal - 90.5), renderer: Apple M1
I0000 00:00:1774628550.019272       1 gl_context.cc:344] GL version: 2.1 (2.1 Metal - 90.5), renderer: Apple M1
I0000 00:00:1774628550.144700       1 gl_context.cc:344] GL version: 2.1 (2.1 Metal - 90.5), renderer: Apple M1
I0000 00:00:1774628550.265088       1 gl_context.cc:344] GL version: 2.1 (2.1 Metal - 90.5), renderer: Apple M1
I0000 00:00:1774628550.378049       1 gl_context.cc:344] GL version: 2.1 (2.1 Metal - 90.5), renderer: Apple M1
I0000 00:00:1774628550.500129       1 gl_context.cc:344] GL version: 2.1 (2.1 Metal - 90.5), renderer: Apple M1
I0000 00:00:1774628550.611119       1 gl_context.cc:344] GL version: 2.1 (2.1 Metal - 90.5), renderer: Apple M1
I0000 00:00:1774628550.727701       1 gl_context.cc:344] GL version: 2.1 (2.1 Metal - 90.5), renderer: Apple M1
I0000 00:00:1774628550.835390       1 gl_context.cc:344] GL version: 2.1 (2.1 Metal - 90.5), renderer: Apple M1
I0000 00:00:1774628550.946887       1 gl_context.cc:344] GL version: 2.1 (2.1 Metal - 90.5), renderer: Apple M1
I0000 00:00:1774628551.061399       1 gl_context.cc:344] GL version: 2.1 (2.1 Metal - 90.5), renderer: Apple M1
I0000 00:00:1774628551.219700       1 gl_context.cc:344] GL version: 2.1 (2.1 Metal - 90.5), renderer: Apple M1
I0000 00:00:1774628551.336671       1 gl_context.cc:344] GL version: 2.1 (2.1 Metal - 90.5), renderer: Apple M1
I0000 00:00:1774628551.461218       1 gl_context.cc:344] GL version: 2.1 (2.1 Metal - 90.5), renderer: Apple M1
I0000 00:00:1774628551.578546       1 gl_context.cc:344] GL version: 2.1 (2.1 Metal - 90.5), renderer: Apple M1
I0000 00:00:1774628551.728757       1 gl_context.cc:344] GL version: 2.1 (2.1 Metal - 90.5), renderer: Apple M1
I0000 00:00:1774628551.893832       1 gl_context.cc:344] GL version: 2.1 (2.1 Metal - 90.5), renderer: Apple M1
I0000 00:00:1774628552.010561       1 gl_context.cc:344] GL version: 2.1 (2.1 Metal - 90.5), renderer: Apple M1
I0000 00:00:1774628552.160968       1 gl_context.cc:344] GL version: 2.1 (2.1 Metal - 90.5), renderer: Apple M1
I0000 00:00:1774628552.280067       1 gl_context.cc:344] GL version: 2.1 (2.1 Metal - 90.5), renderer: Apple M1
I0000 00:00:1774628552.393892       1 gl_context.cc:344] GL version: 2.1 (2.1 Metal - 90.5), renderer: Apple M1
I0000 00:00:1774628552.530952       1 gl_context.cc:344] GL version: 2.1 (2.1 Metal - 90.5), renderer: Apple M1
I0000 00:00:1774628552.677160       1 gl_context.cc:344] GL version: 2.1 (2.1 Metal - 90.5), renderer: Apple M1
I0000 00:00:1774628552.828874       1 gl_context.cc:344] GL version: 2.1 (2.1 Metal - 90.5), renderer: Apple M1
I0000 00:00:1774628552.977996       1 gl_context.cc:344] GL version: 2.1 (2.1 Metal - 90.5), renderer: Apple M1
I0000 00:00:1774628553.127632       1 gl_context.cc:344] GL version: 2.1 (2.1 Metal - 90.5), renderer: Apple M1
I0000 00:00:1774628553.264330       1 gl_context.cc:344] GL version: 2.1 (2.1 Metal - 90.5), renderer: Apple M1
I0000 00:00:1774628553.399941       1 gl_context.cc:344] GL version: 2.1 (2.1 Metal - 90.5), renderer: Apple M1
I0000 00:00:1774628553.550245       1 gl_context.cc:344] GL version: 2.1 (2.1 Metal - 90.5), renderer: Apple M1
I0000 00:00:1774628553.663398       1 gl_context.cc:344] GL version: 2.1 (2.1 Metal - 90.5), renderer: Apple M1
I0000 00:00:1774628553.777005       1 gl_context.cc:344] GL version: 2.1 (2.1 Metal - 90.5), renderer: Apple M1
I0000 00:00:1774628553.884909       1 gl_context.cc:344] GL version: 2.1 (2.1 Metal - 90.5), renderer: Apple M1
I0000 00:00:1774628553.993652       1 gl_context.cc:344] GL version: 2.1 (2.1 Metal - 90.5), renderer: Apple M1
I0000 00:00:1774628554.143410       1 gl_context.cc:344] GL version: 2.1 (2.1 Metal - 90.5), renderer: Apple M1
I0000 00:00:1774628554.294224       1 gl_context.cc:344] GL version: 2.1 (2.1 Metal - 90.5), renderer: Apple M1
I0000 00:00:1774628554.477792       1 gl_context.cc:344] GL version: 2.1 (2.1 Metal - 90.5), renderer: Apple M1
I0000 00:00:1774628554.610907       1 gl_context.cc:344] GL version: 2.1 (2.1 Metal - 90.5), renderer: Apple M1
I0000 00:00:1774628554.745648       1 gl_context.cc:344] GL version: 2.1 (2.1 Metal - 90.5), renderer: Apple M1
I0000 00:00:1774628554.893984       1 gl_context.cc:344] GL version: 2.1 (2.1 Metal - 90.5), renderer: Apple M1
I0000 00:00:1774628555.017325       1 gl_context.cc:344] GL version: 2.1 (2.1 Metal - 90.5), renderer: Apple M1
I0000 00:00:1774628555.128870       1 gl_context.cc:344] GL version: 2.1 (2.1 Metal - 90.5), renderer: Apple M1
I0000 00:00:1774628555.244853       1 gl_context.cc:344] GL version: 2.1 (2.1 Metal - 90.5), renderer: Apple M1
I0000 00:00:1774628555.352383       1 gl_context.cc:344] GL version: 2.1 (2.1 Metal - 90.5), renderer: Apple M1
I0000 00:00:1774628555.461403       1 gl_context.cc:344] GL version: 2.1 (2.1 Metal - 90.5), renderer: Apple M1
I0000 00:00:1774628555.612289       1 gl_context.cc:344] GL version: 2.1 (2.1 Metal - 90.5), renderer: Apple M1
I0000 00:00:1774628555.760573       1 gl_context.cc:344] GL version: 2.1 (2.1 Metal - 90.5), renderer: Apple M1
I0000 00:00:1774628555.911780       1 gl_context.cc:344] GL version: 2.1 (2.1 Metal - 90.5), renderer: Apple M1
I0000 00:00:1774628556.044556       1 gl_context.cc:344] GL version: 2.1 (2.1 Metal - 90.5), renderer: Apple M1
I0000 00:00:1774628556.186409       1 gl_context.cc:344] GL version: 2.1 (2.1 Metal - 90.5), renderer: Apple M1
I0000 00:00:1774628556.334049       1 gl_context.cc:344] GL version: 2.1 (2.1 Metal - 90.5), renderer: Apple M1
I0000 00:00:1774628556.493811       1 gl_context.cc:344] GL version: 2.1 (2.1 Metal - 90.5), renderer: Apple M1
I0000 00:00:1774628556.644406       1 gl_context.cc:344] GL version: 2.1 (2.1 Metal - 90.5), renderer: Apple M1
I0000 00:00:1774628556.793523       1 gl_context.cc:344] GL version: 2.1 (2.1 Metal - 90.5), renderer: Apple M1
I0000 00:00:1774628556.936715       1 gl_context.cc:344] GL version: 2.1 (2.1 Metal - 90.5), renderer: Apple M1
I0000 00:00:1774628557.109795       1 gl_context.cc:344] GL version: 2.1 (2.1 Metal - 90.5), renderer: Apple M1
I0000 00:00:1774628557.266201       1 gl_context.cc:344] GL version: 2.1 (2.1 Metal - 90.5), renderer: Apple M1
I0000 00:00:1774628557.417964       1 gl_context.cc:344] GL version: 2.1 (2.1 Metal - 90.5), renderer: Apple M1
I0000 00:00:1774628557.561908       1 gl_context.cc:344] GL version: 2.1 (2.1 Metal - 90.5), renderer: Apple M1
I0000 00:00:1774628557.711284       1 gl_context.cc:344] GL version: 2.1 (2.1 Metal - 90.5), renderer: Apple M1
I0000 00:00:1774628557.863649       1 gl_context.cc:344] GL version: 2.1 (2.1 Metal - 90.5), renderer: Apple M1
I0000 00:00:1774628558.018306       1 gl_context.cc:344] GL version: 2.1 (2.1 Metal - 90.5), renderer: Apple M1
I0000 00:00:1774628558.182374       1 gl_context.cc:344] GL version: 2.1 (2.1 Metal - 90.5), renderer: Apple M1
I0000 00:00:1774628558.345353       1 gl_context.cc:344] GL version: 2.1 (2.1 Metal - 90.5), renderer: Apple M1
I0000 00:00:1774628558.497687       1 gl_context.cc:344] GL version: 2.1 (2.1 Metal - 90.5), renderer: Apple M1
I0000 00:00:1774628558.652983       1 gl_context.cc:344] GL version: 2.1 (2.1 Metal - 90.5), renderer: Apple M1
I0000 00:00:1774628558.810339       1 gl_context.cc:344] GL version: 2.1 (2.1 Metal - 90.5), renderer: Apple M1
I0000 00:00:1774628558.960650       1 gl_context.cc:344] GL version: 2.1 (2.1 Metal - 90.5), renderer: Apple M1
I0000 00:00:1774628559.110434       1 gl_context.cc:344] GL version: 2.1 (2.1 Metal - 90.5), renderer: Apple M1
I0000 00:00:1774628559.260016       1 gl_context.cc:344] GL version: 2.1 (2.1 Metal - 90.5), renderer: Apple M1
I0000 00:00:1774628559.424735       1 gl_context.cc:344] GL version: 2.1 (2.1 Metal - 90.5), renderer: Apple M1
I0000 00:00:1774628559.582816       1 gl_context.cc:344] GL version: 2.1 (2.1 Metal - 90.5), renderer: Apple M1
I0000 00:00:1774628559.766283       1 gl_context.cc:344] GL version: 2.1 (2.1 Metal - 90.5), renderer: Apple M1
I0000 00:00:1774628559.925536       1 gl_context.cc:344] GL version: 2.1 (2.1 Metal - 90.5), renderer: Apple M1
I0000 00:00:1774628560.056876       1 gl_context.cc:344] GL version: 2.1 (2.1 Metal - 90.5), renderer: Apple M1
I0000 00:00:1774628560.253000       1 gl_context.cc:344] GL version: 2.1 (2.1 Metal - 90.5), renderer: Apple M1
I0000 00:00:1774628560.367074       1 gl_context.cc:344] GL version: 2.1 (2.1 Metal - 90.5), renderer: Apple M1
I0000 00:00:1774628560.515078       1 gl_context.cc:344] GL version: 2.1 (2.1 Metal - 90.5), renderer: Apple M1
I0000 00:00:1774628560.626030       1 gl_context.cc:344] GL version: 2.1 (2.1 Metal - 90.5), renderer: Apple M1
I0000 00:00:1774628560.781511       1 gl_context.cc:344] GL version: 2.1 (2.1 Metal - 90.5), renderer: Apple M1
I0000 00:00:1774628560.944177       1 gl_context.cc:344] GL version: 2.1 (2.1 Metal - 90.5), renderer: Apple M1
I0000 00:00:1774628561.116286       1 gl_context.cc:344] GL version: 2.1 (2.1 Metal - 90.5), renderer: Apple M1
I0000 00:00:1774628561.279869       1 gl_context.cc:344] GL version: 2.1 (2.1 Metal - 90.5), renderer: Apple M1
I0000 00:00:1774628561.393573       1 gl_context.cc:344] GL version: 2.1 (2.1 Metal - 90.5), renderer: Apple M1
I0000 00:00:1774628561.513792       1 gl_context.cc:344] GL version: 2.1 (2.1 Metal - 90.5), renderer: Apple M1
I0000 00:00:1774628561.676766       1 gl_context.cc:344] GL version: 2.1 (2.1 Metal - 90.5), renderer: Apple M1
I0000 00:00:1774628561.793532       1 gl_context.cc:344] GL version: 2.1 (2.1 Metal - 90.5), renderer: Apple M1
I0000 00:00:1774628561.907761       1 gl_context.cc:344] GL version: 2.1 (2.1 Metal - 90.5), renderer: Apple M1
I0000 00:00:1774628562.027458       1 gl_context.cc:344] GL version: 2.1 (2.1 Metal - 90.5), renderer: Apple M1
I0000 00:00:1774628562.143796       1 gl_context.cc:344] GL version: 2.1 (2.1 Metal - 90.5), renderer: Apple M1
I0000 00:00:1774628562.259812       1 gl_context.cc:344] GL version: 2.1 (2.1 Metal - 90.5), renderer: Apple M1
I0000 00:00:1774628562.374789       1 gl_context.cc:344] GL version: 2.1 (2.1 Metal - 90.5), renderer: Apple M1
I0000 00:00:1774628562.493056       1 gl_context.cc:344] GL version: 2.1 (2.1 Metal - 90.5), renderer: Apple M1
I0000 00:00:1774628562.614583       1 gl_context.cc:344] GL version: 2.1 (2.1 Metal - 90.5), renderer: Apple M1
I0000 00:00:1774628562.727153       1 gl_context.cc:344] GL version: 2.1 (2.1 Metal - 90.5), renderer: Apple M1
I0000 00:00:1774628562.993478       1 gl_context.cc:344] GL version: 2.1 (2.1 Metal - 90.5), renderer: Apple M1
I0000 00:00:1774628563.152126       1 gl_context.cc:344] GL version: 2.1 (2.1 Metal - 90.5), renderer: Apple M1
I0000 00:00:1774628563.277661       1 gl_context.cc:344] GL version: 2.1 (2.1 Metal - 90.5), renderer: Apple M1
I0000 00:00:1774628563.399506       1 gl_context.cc:344] GL version: 2.1 (2.1 Metal - 90.5), renderer: Apple M1
I0000 00:00:1774628563.516612       1 gl_context.cc:344] GL version: 2.1 (2.1 Metal - 90.5), renderer: Apple M1
I0000 00:00:1774628563.626931       1 gl_context.cc:344] GL version: 2.1 (2.1 Metal - 90.5), renderer: Apple M1
I0000 00:00:1774628563.733482       1 gl_context.cc:344] GL version: 2.1 (2.1 Metal - 90.5), renderer: Apple M1
I0000 00:00:1774628563.850029       1 gl_context.cc:344] GL version: 2.1 (2.1 Metal - 90.5), renderer: Apple M1
I0000 00:00:1774628563.961019       1 gl_context.cc:344] GL version: 2.1 (2.1 Metal - 90.5), renderer: Apple M1
I0000 00:00:1774628564.076722       1 gl_context.cc:344] GL version: 2.1 (2.1 Metal - 90.5), renderer: Apple M1
I0000 00:00:1774628564.194461       1 gl_context.cc:344] GL version: 2.1 (2.1 Metal - 90.5), renderer: Apple M1
I0000 00:00:1774628564.311484       1 gl_context.cc:344] GL version: 2.1 (2.1 Metal - 90.5), renderer: Apple M1
I0000 00:00:1774628564.417334       1 gl_context.cc:344] GL version: 2.1 (2.1 Metal - 90.5), renderer: Apple M1
I0000 00:00:1774628564.533607       1 gl_context.cc:344] GL version: 2.1 (2.1 Metal - 90.5), renderer: Apple M1
I0000 00:00:1774628564.647260       1 gl_context.cc:344] GL version: 2.1 (2.1 Metal - 90.5), renderer: Apple M1
I0000 00:00:1774628564.768585       1 gl_context.cc:344] GL version: 2.1 (2.1 Metal - 90.5), renderer: Apple M1
I0000 00:00:1774628564.893610       1 gl_context.cc:344] GL version: 2.1 (2.1 Metal - 90.5), renderer: Apple M1
I0000 00:00:1774628565.027057       1 gl_context.cc:344] GL version: 2.1 (2.1 Metal - 90.5), renderer: Apple M1
I0000 00:00:1774628565.164358       1 gl_context.cc:344] GL version: 2.1 (2.1 Metal - 90.5), renderer: Apple M1
I0000 00:00:1774628565.279179       1 gl_context.cc:344] GL version: 2.1 (2.1 Metal - 90.5), renderer: Apple M1
I0000 00:00:1774628565.393325       1 gl_context.cc:344] GL version: 2.1 (2.1 Metal - 90.5), renderer: Apple M1
I0000 00:00:1774628565.510424       1 gl_context.cc:344] GL version: 2.1 (2.1 Metal - 90.5), renderer: Apple M1
I0000 00:00:1774628565.626525       1 gl_context.cc:344] GL version: 2.1 (2.1 Metal - 90.5), renderer: Apple M1
I0000 00:00:1774628565.745860       1 gl_context.cc:344] GL version: 2.1 (2.1 Metal - 90.5), renderer: Apple M1
I0000 00:00:1774628565.860093       1 gl_context.cc:344] GL version: 2.1 (2.1 Metal - 90.5), renderer: Apple M1
I0000 00:00:1774628565.965523       1 gl_context.cc:344] GL version: 2.1 (2.1 Metal - 90.5), renderer: Apple M1
I0000 00:00:1774628566.076112       1 gl_context.cc:344] GL version: 2.1 (2.1 Metal - 90.5), renderer: Apple M1
I0000 00:00:1774628566.192556       1 gl_context.cc:344] GL version: 2.1 (2.1 Metal - 90.5), renderer: Apple M1
I0000 00:00:1774628566.316054       1 gl_context.cc:344] GL version: 2.1 (2.1 Metal - 90.5), renderer: Apple M1
I0000 00:00:1774628566.433711       1 gl_context.cc:344] GL version: 2.1 (2.1 Metal - 90.5), renderer: Apple M1
I0000 00:00:1774628566.547870       1 gl_context.cc:344] GL version: 2.1 (2.1 Metal - 90.5), renderer: Apple M1
I0000 00:00:1774628566.660259       1 gl_context.cc:344] GL version: 2.1 (2.1 Metal - 90.5), renderer: Apple M1
I0000 00:00:1774628566.769259       1 gl_context.cc:344] GL version: 2.1 (2.1 Metal - 90.5), renderer: Apple M1
I0000 00:00:1774628566.879426       1 gl_context.cc:344] GL version: 2.1 (2.1 Metal - 90.5), renderer: Apple M1
I0000 00:00:1774628566.999516       1 gl_context.cc:344] GL version: 2.1 (2.1 Metal - 90.5), renderer: Apple M1
I0000 00:00:1774628567.114109       1 gl_context.cc:344] GL version: 2.1 (2.1 Metal - 90.5), renderer: Apple M1
I0000 00:00:1774628567.230232       1 gl_context.cc:344] GL version: 2.1 (2.1 Metal - 90.5), renderer: Apple M1
I0000 00:00:1774628567.350366       1 gl_context.cc:344] GL version: 2.1 (2.1 Metal - 90.5), renderer: Apple M1
I0000 00:00:1774628567.460326       1 gl_context.cc:344] GL version: 2.1 (2.1 Metal - 90.5), renderer: Apple M1
I0000 00:00:1774628567.567024       1 gl_context.cc:344] GL version: 2.1 (2.1 Metal - 90.5), renderer: Apple M1
I0000 00:00:1774628567.678893       1 gl_context.cc:344] GL version: 2.1 (2.1 Metal - 90.5), renderer: Apple M1
I0000 00:00:1774628567.800750       1 gl_context.cc:344] GL version: 2.1 (2.1 Metal - 90.5), renderer: Apple M1
I0000 00:00:1774628567.917767       1 gl_context.cc:344] GL version: 2.1 (2.1 Metal - 90.5), renderer: Apple M1
I0000 00:00:1774628568.032786       1 gl_context.cc:344] GL version: 2.1 (2.1 Metal - 90.5), renderer: Apple M1
I0000 00:00:1774628568.144514       1 gl_context.cc:344] GL version: 2.1 (2.1 Metal - 90.5), renderer: Apple M1
I0000 00:00:1774628568.258673       1 gl_context.cc:344] GL version: 2.1 (2.1 Metal - 90.5), renderer: Apple M1
I0000 00:00:1774628568.365563       1 gl_context.cc:344] GL version: 2.1 (2.1 Metal - 90.5), renderer: Apple M1
I0000 00:00:1774628568.476096       1 gl_context.cc:344] GL version: 2.1 (2.1 Metal - 90.5), renderer: Apple M1
I0000 00:00:1774628568.592198       1 gl_context.cc:344] GL version: 2.1 (2.1 Metal - 90.5), renderer: Apple M1
I0000 00:00:1774628568.709329       1 gl_context.cc:344] GL version: 2.1 (2.1 Metal - 90.5), renderer: Apple M1
I0000 00:00:1774628568.828756       1 gl_context.cc:344] GL version: 2.1 (2.1 Metal - 90.5), renderer: Apple M1
I0000 00:00:1774628568.942135       1 gl_context.cc:344] GL version: 2.1 (2.1 Metal - 90.5), renderer: Apple M1
I0000 00:00:1774628569.048164       1 gl_context.cc:344] GL version: 2.1 (2.1 Metal - 90.5), renderer: Apple M1
I0000 00:00:1774628569.161047       1 gl_context.cc:344] GL version: 2.1 (2.1 Metal - 90.5), renderer: Apple M1
I0000 00:00:1774628569.328776       1 gl_context.cc:344] GL version: 2.1 (2.1 Metal - 90.5), renderer: Apple M1
I0000 00:00:1774628569.451984       1 gl_context.cc:344] GL version: 2.1 (2.1 Metal - 90.5), renderer: Apple M1
I0000 00:00:1774628569.563857       1 gl_context.cc:344] GL version: 2.1 (2.1 Metal - 90.5), renderer: Apple M1
I0000 00:00:1774628569.681023       1 gl_context.cc:344] GL version: 2.1 (2.1 Metal - 90.5), renderer: Apple M1
I0000 00:00:1774628569.791516       1 gl_context.cc:344] GL version: 2.1 (2.1 Metal - 90.5), renderer: Apple M1
I0000 00:00:1774628569.916065       1 gl_context.cc:344] GL version: 2.1 (2.1 Metal - 90.5), renderer: Apple M1
I0000 00:00:1774628570.043635       1 gl_context.cc:344] GL version: 2.1 (2.1 Metal - 90.5), renderer: Apple M1
I0000 00:00:1774628570.209613       1 gl_context.cc:344] GL version: 2.1 (2.1 Metal - 90.5), renderer: Apple M1
I0000 00:00:1774628570.326520       1 gl_context.cc:344] GL version: 2.1 (2.1 Metal - 90.5), renderer: Apple M1
I0000 00:00:1774628570.448239       1 gl_context.cc:344] GL version: 2.1 (2.1 Metal - 90.5), renderer: Apple M1
I0000 00:00:1774628570.565075       1 gl_context.cc:344] GL version: 2.1 (2.1 Metal - 90.5), renderer: Apple M1
I0000 00:00:1774628570.678675       1 gl_context.cc:344] GL version: 2.1 (2.1 Metal - 90.5), renderer: Apple M1
I0000 00:00:1774628570.798054       1 gl_context.cc:344] GL version: 2.1 (2.1 Metal - 90.5), renderer: Apple M1
I0000 00:00:1774628571.007041       1 gl_context.cc:344] GL version: 2.1 (2.1 Metal - 90.5), renderer: Apple M1
I0000 00:00:1774628571.206669       1 gl_context.cc:344] GL version: 2.1 (2.1 Metal - 90.5), renderer: Apple M1
I0000 00:00:1774628571.369211       1 gl_context.cc:344] GL version: 2.1 (2.1 Metal - 90.5), renderer: Apple M1
I0000 00:00:1774628571.507310       1 gl_context.cc:344] GL version: 2.1 (2.1 Metal - 90.5), renderer: Apple M1
I0000 00:00:1774628571.626745       1 gl_context.cc:344] GL version: 2.1 (2.1 Metal - 90.5), renderer: Apple M1
I0000 00:00:1774628571.742562       1 gl_context.cc:344] GL version: 2.1 (2.1 Metal - 90.5), renderer: Apple M1
I0000 00:00:1774628571.861884       1 gl_context.cc:344] GL version: 2.1 (2.1 Metal - 90.5), renderer: Apple M1
I0000 00:00:1774628571.979075       1 gl_context.cc:344] GL version: 2.1 (2.1 Metal - 90.5), renderer: Apple M1
I0000 00:00:1774628572.108633       1 gl_context.cc:344] GL version: 2.1 (2.1 Metal - 90.5), renderer: Apple M1
I0000 00:00:1774628572.258778       1 gl_context.cc:344] GL version: 2.1 (2.1 Metal - 90.5), renderer: Apple M1
I0000 00:00:1774628572.376477       1 gl_context.cc:344] GL version: 2.1 (2.1 Metal - 90.5), renderer: Apple M1
I0000 00:00:1774628572.492064       1 gl_context.cc:344] GL version: 2.1 (2.1 Metal - 90.5), renderer: Apple M1
I0000 00:00:1774628572.609088       1 gl_context.cc:344] GL version: 2.1 (2.1 Metal - 90.5), renderer: Apple M1
I0000 00:00:1774628572.729028       1 gl_context.cc:344] GL version: 2.1 (2.1 Metal - 90.5), renderer: Apple M1
I0000 00:00:1774628572.859326       1 gl_context.cc:344] GL version: 2.1 (2.1 Metal - 90.5), renderer: Apple M1
I0000 00:00:1774628573.043044       1 gl_context.cc:344] GL version: 2.1 (2.1 Metal - 90.5), renderer: Apple M1
I0000 00:00:1774628573.226516       1 gl_context.cc:344] GL version: 2.1 (2.1 Metal - 90.5), renderer: Apple M1
I0000 00:00:1774628573.364166       1 gl_context.cc:344] GL version: 2.1 (2.1 Metal - 90.5), renderer: Apple M1
I0000 00:00:1774628573.508255       1 gl_context.cc:344] GL version: 2.1 (2.1 Metal - 90.5), renderer: Apple M1
I0000 00:00:1774628573.647391       1 gl_context.cc:344] GL version: 2.1 (2.1 Metal - 90.5), renderer: Apple M1
I0000 00:00:1774628573.785425       1 gl_context.cc:344] GL version: 2.1 (2.1 Metal - 90.5), renderer: Apple M1
I0000 00:00:1774628573.933636       1 gl_context.cc:344] GL version: 2.1 (2.1 Metal - 90.5), renderer: Apple M1
I0000 00:00:1774628574.066715       1 gl_context.cc:344] GL version: 2.1 (2.1 Metal - 90.5), renderer: Apple M1
I0000 00:00:1774628574.209671       1 gl_context.cc:344] GL version: 2.1 (2.1 Metal - 90.5), renderer: Apple M1
I0000 00:00:1774628574.379272       1 gl_context.cc:344] GL version: 2.1 (2.1 Metal - 90.5), renderer: Apple M1
I0000 00:00:1774628574.510802       1 gl_context.cc:344] GL version: 2.1 (2.1 Metal - 90.5), renderer: Apple M1
I0000 00:00:1774628574.641275       1 gl_context.cc:344] GL version: 2.1 (2.1 Metal - 90.5), renderer: Apple M1
I0000 00:00:1774628574.762744       1 gl_context.cc:344] GL version: 2.1 (2.1 Metal - 90.5), renderer: Apple M1
I0000 00:00:1774628574.876058       1 gl_context.cc:344] GL version: 2.1 (2.1 Metal - 90.5), renderer: Apple M1
I0000 00:00:1774628574.998702       1 gl_context.cc:344] GL version: 2.1 (2.1 Metal - 90.5), renderer: Apple M1
I0000 00:00:1774628575.132325       1 gl_context.cc:344] GL version: 2.1 (2.1 Metal - 90.5), renderer: Apple M1
I0000 00:00:1774628575.264136       1 gl_context.cc:344] GL version: 2.1 (2.1 Metal - 90.5), renderer: Apple M1
I0000 00:00:1774628575.413507       1 gl_context.cc:344] GL version: 2.1 (2.1 Metal - 90.5), renderer: Apple M1
I0000 00:00:1774628575.543214       1 gl_context.cc:344] GL version: 2.1 (2.1 Metal - 90.5), renderer: Apple M1
I0000 00:00:1774628575.662618       1 gl_context.cc:344] GL version: 2.1 (2.1 Metal - 90.5), renderer: Apple M1
I0000 00:00:1774628575.776681       1 gl_context.cc:344] GL version: 2.1 (2.1 Metal - 90.5), renderer: Apple M1
I0000 00:00:1774628575.889614       1 gl_context.cc:344] GL version: 2.1 (2.1 Metal - 90.5), renderer: Apple M1
I0000 00:00:1774628576.009170       1 gl_context.cc:344] GL version: 2.1 (2.1 Metal - 90.5), renderer: Apple M1
I0000 00:00:1774628576.191705       1 gl_context.cc:344] GL version: 2.1 (2.1 Metal - 90.5), renderer: Apple M1
I0000 00:00:1774628576.365140       1 gl_context.cc:344] GL version: 2.1 (2.1 Metal - 90.5), renderer: Apple M1
I0000 00:00:1774628576.525437       1 gl_context.cc:344] GL version: 2.1 (2.1 Metal - 90.5), renderer: Apple M1
I0000 00:00:1774628576.679803       1 gl_context.cc:344] GL version: 2.1 (2.1 Metal - 90.5), renderer: Apple M1
I0000 00:00:1774628576.858339       1 gl_context.cc:344] GL version: 2.1 (2.1 Metal - 90.5), renderer: Apple M1
I0000 00:00:1774628577.041527       1 gl_context.cc:344] GL version: 2.1 (2.1 Metal - 90.5), renderer: Apple M1
I0000 00:00:1774628577.224791       1 gl_context.cc:344] GL version: 2.1 (2.1 Metal - 90.5), renderer: Apple M1
I0000 00:00:1774628577.341791       1 gl_context.cc:344] GL version: 2.1 (2.1 Metal - 90.5), renderer: Apple M1
I0000 00:00:1774628577.458540       1 gl_context.cc:344] GL version: 2.1 (2.1 Metal - 90.5), renderer: Apple M1
I0000 00:00:1774628577.647089       1 gl_context.cc:344] GL version: 2.1 (2.1 Metal - 90.5), renderer: Apple M1
I0000 00:00:1774628577.825239       1 gl_context.cc:344] GL version: 2.1 (2.1 Metal - 90.5), renderer: Apple M1
I0000 00:00:1774628577.991852       1 gl_context.cc:344] GL version: 2.1 (2.1 Metal - 90.5), renderer: Apple M1
I0000 00:00:1774628578.174207       1 gl_context.cc:344] GL version: 2.1 (2.1 Metal - 90.5), renderer: Apple M1
I0000 00:00:1774628578.326476       1 gl_context.cc:344] GL version: 2.1 (2.1 Metal - 90.5), renderer: Apple M1
I0000 00:00:1774628578.441654       1 gl_context.cc:344] GL version: 2.1 (2.1 Metal - 90.5), renderer: Apple M1
I0000 00:00:1774628578.558579       1 gl_context.cc:344] GL version: 2.1 (2.1 Metal - 90.5), renderer: Apple M1
I0000 00:00:1774628578.675951       1 gl_context.cc:344] GL version: 2.1 (2.1 Metal - 90.5), renderer: Apple M1
I0000 00:00:1774628578.798170       1 gl_context.cc:344] GL version: 2.1 (2.1 Metal - 90.5), renderer: Apple M1
I0000 00:00:1774628578.928057       1 gl_context.cc:344] GL version: 2.1 (2.1 Metal - 90.5), renderer: Apple M1
I0000 00:00:1774628579.043457       1 gl_context.cc:344] GL version: 2.1 (2.1 Metal - 90.5), renderer: Apple M1
I0000 00:00:1774628579.161820       1 gl_context.cc:344] GL version: 2.1 (2.1 Metal - 90.5), renderer: Apple M1
I0000 00:00:1774628579.297965       1 gl_context.cc:344] GL version: 2.1 (2.1 Metal - 90.5), renderer: Apple M1
I0000 00:00:1774628579.425388       1 gl_context.cc:344] GL version: 2.1 (2.1 Metal - 90.5), renderer: Apple M1
I0000 00:00:1774628579.545475       1 gl_context.cc:344] GL version: 2.1 (2.1 Metal - 90.5), renderer: Apple M1
I0000 00:00:1774628579.672376       1 gl_context.cc:344] GL version: 2.1 (2.1 Metal - 90.5), renderer: Apple M1
I0000 00:00:1774628579.791863       1 gl_context.cc:344] GL version: 2.1 (2.1 Metal - 90.5), renderer: Apple M1
I0000 00:00:1774628579.942927       1 gl_context.cc:344] GL version: 2.1 (2.1 Metal - 90.5), renderer: Apple M1
I0000 00:00:1774628580.143566       1 gl_context.cc:344] GL version: 2.1 (2.1 Metal - 90.5), renderer: Apple M1
I0000 00:00:1774628580.341922       1 gl_context.cc:344] GL version: 2.1 (2.1 Metal - 90.5), renderer: Apple M1
I0000 00:00:1774628580.474797       1 gl_context.cc:344] GL version: 2.1 (2.1 Metal - 90.5), renderer: Apple M1
I0000 00:00:1774628580.777422       1 gl_context.cc:344] GL version: 2.1 (2.1 Metal - 90.5), renderer: Apple M1
I0000 00:00:1774628580.892217       1 gl_context.cc:344] GL version: 2.1 (2.1 Metal - 90.5), renderer: Apple M1
I0000 00:00:1774628581.014830       1 gl_context.cc:344] GL version: 2.1 (2.1 Metal - 90.5), renderer: Apple M1
I0000 00:00:1774628581.142641       1 gl_context.cc:344] GL version: 2.1 (2.1 Metal - 90.5), renderer: Apple M1
I0000 00:00:1774628581.275073       1 gl_context.cc:344] GL version: 2.1 (2.1 Metal - 90.5), renderer: Apple M1
I0000 00:00:1774628581.409215       1 gl_context.cc:344] GL version: 2.1 (2.1 Metal - 90.5), renderer: Apple M1
I0000 00:00:1774628581.576463       1 gl_context.cc:344] GL version: 2.1 (2.1 Metal - 90.5), renderer: Apple M1
I0000 00:00:1774628581.691492       1 gl_context.cc:344] GL version: 2.1 (2.1 Metal - 90.5), renderer: Apple M1
I0000 00:00:1774628581.812488       1 gl_context.cc:344] GL version: 2.1 (2.1 Metal - 90.5), renderer: Apple M1
I0000 00:00:1774628581.958440       1 gl_context.cc:344] GL version: 2.1 (2.1 Metal - 90.5), renderer: Apple M1
I0000 00:00:1774628582.083914       1 gl_context.cc:344] GL version: 2.1 (2.1 Metal - 90.5), renderer: Apple M1
I0000 00:00:1774628582.200966       1 gl_context.cc:344] GL version: 2.1 (2.1 Metal - 90.5), renderer: Apple M1
I0000 00:00:1774628582.308651       1 gl_context.cc:344] GL version: 2.1 (2.1 Metal - 90.5), renderer: Apple M1
I0000 00:00:1774628582.416375       1 gl_context.cc:344] GL version: 2.1 (2.1 Metal - 90.5), renderer: Apple M1
I0000 00:00:1774628582.534251       1 gl_context.cc:344] GL version: 2.1 (2.1 Metal - 90.5), renderer: Apple M1
I0000 00:00:1774628582.659199       1 gl_context.cc:344] GL version: 2.1 (2.1 Metal - 90.5), renderer: Apple M1
I0000 00:00:1774628582.778909       1 gl_context.cc:344] GL version: 2.1 (2.1 Metal - 90.5), renderer: Apple M1
I0000 00:00:1774628582.909379       1 gl_context.cc:344] GL version: 2.1 (2.1 Metal - 90.5), renderer: Apple M1
I0000 00:00:1774628583.025272       1 gl_context.cc:344] GL version: 2.1 (2.1 Metal - 90.5), renderer: Apple M1
I0000 00:00:1774628583.132884       1 gl_context.cc:344] GL version: 2.1 (2.1 Metal - 90.5), renderer: Apple M1
I0000 00:00:1774628583.292216       1 gl_context.cc:344] GL version: 2.1 (2.1 Metal - 90.5), renderer: Apple M1
I0000 00:00:1774628583.411546       1 gl_context.cc:344] GL version: 2.1 (2.1 Metal - 90.5), renderer: Apple M1
I0000 00:00:1774628583.530049       1 gl_context.cc:344] GL version: 2.1 (2.1 Metal - 90.5), renderer: Apple M1
I0000 00:00:1774628583.659098       1 gl_context.cc:344] GL version: 2.1 (2.1 Metal - 90.5), renderer: Apple M1
I0000 00:00:1774628583.776916       1 gl_context.cc:344] GL version: 2.1 (2.1 Metal - 90.5), renderer: Apple M1
I0000 00:00:1774628583.892709       1 gl_context.cc:344] GL version: 2.1 (2.1 Metal - 90.5), renderer: Apple M1
I0000 00:00:1774628584.008054       1 gl_context.cc:344] GL version: 2.1 (2.1 Metal - 90.5), renderer: Apple M1
I0000 00:00:1774628584.158893       1 gl_context.cc:344] GL version: 2.1 (2.1 Metal - 90.5), renderer: Apple M1
I0000 00:00:1774628584.279498       1 gl_context.cc:344] GL version: 2.1 (2.1 Metal - 90.5), renderer: Apple M1
I0000 00:00:1774628584.450238       1 gl_context.cc:344] GL version: 2.1 (2.1 Metal - 90.5), renderer: Apple M1
I0000 00:00:1774628584.592365       1 gl_context.cc:344] GL version: 2.1 (2.1 Metal - 90.5), renderer: Apple M1
I0000 00:00:1774628584.741323       1 gl_context.cc:344] GL version: 2.1 (2.1 Metal - 90.5), renderer: Apple M1
I0000 00:00:1774628584.927591       1 gl_context.cc:344] GL version: 2.1 (2.1 Metal - 90.5), renderer: Apple M1
I0000 00:00:1774628585.116589       1 gl_context.cc:344] GL version: 2.1 (2.1 Metal - 90.5), renderer: Apple M1
I0000 00:00:1774628585.300058       1 gl_context.cc:344] GL version: 2.1 (2.1 Metal - 90.5), renderer: Apple M1
I0000 00:00:1774628585.460492       1 gl_context.cc:344] GL version: 2.1 (2.1 Metal - 90.5), renderer: Apple M1
I0000 00:00:1774628585.574701       1 gl_context.cc:344] GL version: 2.1 (2.1 Metal - 90.5), renderer: Apple M1
I0000 00:00:1774628585.731583       1 gl_context.cc:344] GL version: 2.1 (2.1 Metal - 90.5), renderer: Apple M1
I0000 00:00:1774628585.894025       1 gl_context.cc:344] GL version: 2.1 (2.1 Metal - 90.5), renderer: Apple M1
I0000 00:00:1774628586.062067       1 gl_context.cc:344] GL version: 2.1 (2.1 Metal - 90.5), renderer: Apple M1
I0000 00:00:1774628586.227805       1 gl_context.cc:344] GL version: 2.1 (2.1 Metal - 90.5), renderer: Apple M1
I0000 00:00:1774628586.380967       1 gl_context.cc:344] GL version: 2.1 (2.1 Metal - 90.5), renderer: Apple M1
I0000 00:00:1774628586.497729       1 gl_context.cc:344] GL version: 2.1 (2.1 Metal - 90.5), renderer: Apple M1
I0000 00:00:1774628586.623600       1 gl_context.cc:344] GL version: 2.1 (2.1 Metal - 90.5), renderer: Apple M1
I0000 00:00:1774628586.748676       1 gl_context.cc:344] GL version: 2.1 (2.1 Metal - 90.5), renderer: Apple M1
I0000 00:00:1774628586.867389       1 gl_context.cc:344] GL version: 2.1 (2.1 Metal - 90.5), renderer: Apple M1
I0000 00:00:1774628586.976700       1 gl_context.cc:344] GL version: 2.1 (2.1 Metal - 90.5), renderer: Apple M1
I0000 00:00:1774628587.091740       1 gl_context.cc:344] GL version: 2.1 (2.1 Metal - 90.5), renderer: Apple M1
I0000 00:00:1774628587.207775       1 gl_context.cc:344] GL version: 2.1 (2.1 Metal - 90.5), renderer: Apple M1
I0000 00:00:1774628587.333657       1 gl_context.cc:344] GL version: 2.1 (2.1 Metal - 90.5), renderer: Apple M1
I0000 00:00:1774628587.460755       1 gl_context.cc:344] GL version: 2.1 (2.1 Metal - 90.5), renderer: Apple M1
I0000 00:00:1774628587.581780       1 gl_context.cc:344] GL version: 2.1 (2.1 Metal - 90.5), renderer: Apple M1
I0000 00:00:1774628587.710368       1 gl_context.cc:344] GL version: 2.1 (2.1 Metal - 90.5), renderer: Apple M1
I0000 00:00:1774628587.824680       1 gl_context.cc:344] GL version: 2.1 (2.1 Metal - 90.5), renderer: Apple M1
I0000 00:00:1774628587.941534       1 gl_context.cc:344] GL version: 2.1 (2.1 Metal - 90.5), renderer: Apple M1
I0000 00:00:1774628588.062604       1 gl_context.cc:344] GL version: 2.1 (2.1 Metal - 90.5), renderer: Apple M1
I0000 00:00:1774628588.191225       1 gl_context.cc:344] GL version: 2.1 (2.1 Metal - 90.5), renderer: Apple M1
I0000 00:00:1774628588.310432       1 gl_context.cc:344] GL version: 2.1 (2.1 Metal - 90.5), renderer: Apple M1
I0000 00:00:1774628588.431520       1 gl_context.cc:344] GL version: 2.1 (2.1 Metal - 90.5), renderer: Apple M1
I0000 00:00:1774628588.542371       1 gl_context.cc:344] GL version: 2.1 (2.1 Metal - 90.5), renderer: Apple M1
I0000 00:00:1774628588.661245       1 gl_context.cc:344] GL version: 2.1 (2.1 Metal - 90.5), renderer: Apple M1
I0000 00:00:1774628588.824378       1 gl_context.cc:344] GL version: 2.1 (2.1 Metal - 90.5), renderer: Apple M1
I0000 00:00:1774628588.983653       1 gl_context.cc:344] GL version: 2.1 (2.1 Metal - 90.5), renderer: Apple M1
I0000 00:00:1774628589.149372       1 gl_context.cc:344] GL version: 2.1 (2.1 Metal - 90.5), renderer: Apple M1
I0000 00:00:1774628589.264876       1 gl_context.cc:344] GL version: 2.1 (2.1 Metal - 90.5), renderer: Apple M1
I0000 00:00:1774628589.376121       1 gl_context.cc:344] GL version: 2.1 (2.1 Metal - 90.5), renderer: Apple M1
I0000 00:00:1774628589.491800       1 gl_context.cc:344] GL version: 2.1 (2.1 Metal - 90.5), renderer: Apple M1
I0000 00:00:1774628589.617051       1 gl_context.cc:344] GL version: 2.1 (2.1 Metal - 90.5), renderer: Apple M1
I0000 00:00:1774628589.742235       1 gl_context.cc:344] GL version: 2.1 (2.1 Metal - 90.5), renderer: Apple M1
I0000 00:00:1774628589.907952       1 gl_context.cc:344] GL version: 2.1 (2.1 Metal - 90.5), renderer: Apple M1
I0000 00:00:1774628590.041924       1 gl_context.cc:344] GL version: 2.1 (2.1 Metal - 90.5), renderer: Apple M1
I0000 00:00:1774628590.150553       1 gl_context.cc:344] GL version: 2.1 (2.1 Metal - 90.5), renderer: Apple M1
I0000 00:00:1774628590.260670       1 gl_context.cc:344] GL version: 2.1 (2.1 Metal - 90.5), renderer: Apple M1
I0000 00:00:1774628590.389900       1 gl_context.cc:344] GL version: 2.1 (2.1 Metal - 90.5), renderer: Apple M1
I0000 00:00:1774628590.509663       1 gl_context.cc:344] GL version: 2.1 (2.1 Metal - 90.5), renderer: Apple M1
I0000 00:00:1774628590.658889       1 gl_context.cc:344] GL version: 2.1 (2.1 Metal - 90.5), renderer: Apple M1
I0000 00:00:1774628590.792718       1 gl_context.cc:344] GL version: 2.1 (2.1 Metal - 90.5), renderer: Apple M1
I0000 00:00:1774628590.908285       1 gl_context.cc:344] GL version: 2.1 (2.1 Metal - 90.5), renderer: Apple M1
I0000 00:00:1774628591.024419       1 gl_context.cc:344] GL version: 2.1 (2.1 Metal - 90.5), renderer: Apple M1
I0000 00:00:1774628591.192518       1 gl_context.cc:344] GL version: 2.1 (2.1 Metal - 90.5), renderer: Apple M1
I0000 00:00:1774628591.313427       1 gl_context.cc:344] GL version: 2.1 (2.1 Metal - 90.5), renderer: Apple M1
I0000 00:00:1774628591.445219       1 gl_context.cc:344] GL version: 2.1 (2.1 Metal - 90.5), renderer: Apple M1
I0000 00:00:1774628591.576868       1 gl_context.cc:344] GL version: 2.1 (2.1 Metal - 90.5), renderer: Apple M1
I0000 00:00:1774628591.691362       1 gl_context.cc:344] GL version: 2.1 (2.1 Metal - 90.5), renderer: Apple M1
I0000 00:00:1774628591.848186       1 gl_context.cc:344] GL version: 2.1 (2.1 Metal - 90.5), renderer: Apple M1
I0000 00:00:1774628591.976228       1 gl_context.cc:344] GL version: 2.1 (2.1 Metal - 90.5), renderer: Apple M1
I0000 00:00:1774628592.097494       1 gl_context.cc:344] GL version: 2.1 (2.1 Metal - 90.5), renderer: Apple M1
I0000 00:00:1774628592.223780       1 gl_context.cc:344] GL version: 2.1 (2.1 Metal - 90.5), renderer: Apple M1
I0000 00:00:1774628592.378584       1 gl_context.cc:344] GL version: 2.1 (2.1 Metal - 90.5), renderer: Apple M1
I0000 00:00:1774628592.532469       1 gl_context.cc:344] GL version: 2.1 (2.1 Metal - 90.5), renderer: Apple M1
I0000 00:00:1774628592.695065       1 gl_context.cc:344] GL version: 2.1 (2.1 Metal - 90.5), renderer: Apple M1
I0000 00:00:1774628592.823952       1 gl_context.cc:344] GL version: 2.1 (2.1 Metal - 90.5), renderer: Apple M1
I0000 00:00:1774628592.946212       1 gl_context.cc:344] GL version: 2.1 (2.1 Metal - 90.5), renderer: Apple M1
I0000 00:00:1774628593.110906       1 gl_context.cc:344] GL version: 2.1 (2.1 Metal - 90.5), renderer: Apple M1
I0000 00:00:1774628593.229822       1 gl_context.cc:344] GL version: 2.1 (2.1 Metal - 90.5), renderer: Apple M1
I0000 00:00:1774628593.340220       1 gl_context.cc:344] GL version: 2.1 (2.1 Metal - 90.5), renderer: Apple M1
I0000 00:00:1774628593.458470       1 gl_context.cc:344] GL version: 2.1 (2.1 Metal - 90.5), renderer: Apple M1
I0000 00:00:1774628593.578935       1 gl_context.cc:344] GL version: 2.1 (2.1 Metal - 90.5), renderer: Apple M1
I0000 00:00:1774628593.699233       1 gl_context.cc:344] GL version: 2.1 (2.1 Metal - 90.5), renderer: Apple M1
I0000 00:00:1774628593.823826       1 gl_context.cc:344] GL version: 2.1 (2.1 Metal - 90.5), renderer: Apple M1
I0000 00:00:1774628593.940844       1 gl_context.cc:344] GL version: 2.1 (2.1 Metal - 90.5), renderer: Apple M1
I0000 00:00:1774628594.192511       1 gl_context.cc:344] GL version: 2.1 (2.1 Metal - 90.5), renderer: Apple M1
I0000 00:00:1774628594.311128       1 gl_context.cc:344] GL version: 2.1 (2.1 Metal - 90.5), renderer: Apple M1
I0000 00:00:1774628594.430891       1 gl_context.cc:344] GL version: 2.1 (2.1 Metal - 90.5), renderer: Apple M1
I0000 00:00:1774628594.550062       1 gl_context.cc:344] GL version: 2.1 (2.1 Metal - 90.5), renderer: Apple M1
I0000 00:00:1774628594.666309       1 gl_context.cc:344] GL version: 2.1 (2.1 Metal - 90.5), renderer: Apple M1
I0000 00:00:1774628594.774311       1 gl_context.cc:344] GL version: 2.1 (2.1 Metal - 90.5), renderer: Apple M1
I0000 00:00:1774628594.928917       1 gl_context.cc:344] GL version: 2.1 (2.1 Metal - 90.5), renderer: Apple M1
I0000 00:00:1774628595.049653       1 gl_context.cc:344] GL version: 2.1 (2.1 Metal - 90.5), renderer: Apple M1
I0000 00:00:1774628595.173730       1 gl_context.cc:344] GL version: 2.1 (2.1 Metal - 90.5), renderer: Apple M1
I0000 00:00:1774628595.294694       1 gl_context.cc:344] GL version: 2.1 (2.1 Metal - 90.5), renderer: Apple M1
I0000 00:00:1774628595.423611       1 gl_context.cc:344] GL version: 2.1 (2.1 Metal - 90.5), renderer: Apple M1
I0000 00:00:1774628595.582699       1 gl_context.cc:344] GL version: 2.1 (2.1 Metal - 90.5), renderer: Apple M1
I0000 00:00:1774628595.697389       1 gl_context.cc:344] GL version: 2.1 (2.1 Metal - 90.5), renderer: Apple M1
I0000 00:00:1774628595.824371       1 gl_context.cc:344] GL version: 2.1 (2.1 Metal - 90.5), renderer: Apple M1
I0000 00:00:1774628595.995935       1 gl_context.cc:344] GL version: 2.1 (2.1 Metal - 90.5), renderer: Apple M1
I0000 00:00:1774628596.123892       1 gl_context.cc:344] GL version: 2.1 (2.1 Metal - 90.5), renderer: Apple M1
I0000 00:00:1774628596.279697       1 gl_context.cc:344] GL version: 2.1 (2.1 Metal - 90.5), renderer: Apple M1
I0000 00:00:1774628596.393910       1 gl_context.cc:344] GL version: 2.1 (2.1 Metal - 90.5), renderer: Apple M1
I0000 00:00:1774628596.511913       1 gl_context.cc:344] GL version: 2.1 (2.1 Metal - 90.5), renderer: Apple M1
I0000 00:00:1774628596.639994       1 gl_context.cc:344] GL version: 2.1 (2.1 Metal - 90.5), renderer: Apple M1
I0000 00:00:1774628596.765961       1 gl_context.cc:344] GL version: 2.1 (2.1 Metal - 90.5), renderer: Apple M1
I0000 00:00:1774628596.923859       1 gl_context.cc:344] GL version: 2.1 (2.1 Metal - 90.5), renderer: Apple M1
I0000 00:00:1774628597.090537       1 gl_context.cc:344] GL version: 2.1 (2.1 Metal - 90.5), renderer: Apple M1
I0000 00:00:1774628597.206529       1 gl_context.cc:344] GL version: 2.1 (2.1 Metal - 90.5), renderer: Apple M1
I0000 00:00:1774628597.374356       1 gl_context.cc:344] GL version: 2.1 (2.1 Metal - 90.5), renderer: Apple M1
I0000 00:00:1774628597.544492       1 gl_context.cc:344] GL version: 2.1 (2.1 Metal - 90.5), renderer: Apple M1
I0000 00:00:1774628597.673535       1 gl_context.cc:344] GL version: 2.1 (2.1 Metal - 90.5), renderer: Apple M1
I0000 00:00:1774628597.794247       1 gl_context.cc:344] GL version: 2.1 (2.1 Metal - 90.5), renderer: Apple M1
I0000 00:00:1774628597.908667       1 gl_context.cc:344] GL version: 2.1 (2.1 Metal - 90.5), renderer: Apple M1
I0000 00:00:1774628598.062338       1 gl_context.cc:344] GL version: 2.1 (2.1 Metal - 90.5), renderer: Apple M1
I0000 00:00:1774628598.190562       1 gl_context.cc:344] GL version: 2.1 (2.1 Metal - 90.5), renderer: Apple M1
I0000 00:00:1774628598.308968       1 gl_context.cc:344] GL version: 2.1 (2.1 Metal - 90.5), renderer: Apple M1
I0000 00:00:1774628598.476651       1 gl_context.cc:344] GL version: 2.1 (2.1 Metal - 90.5), renderer: Apple M1
I0000 00:00:1774628598.595755       1 gl_context.cc:344] GL version: 2.1 (2.1 Metal - 90.5), renderer: Apple M1
I0000 00:00:1774628598.709939       1 gl_context.cc:344] GL version: 2.1 (2.1 Metal - 90.5), renderer: Apple M1
I0000 00:00:1774628598.824249       1 gl_context.cc:344] GL version: 2.1 (2.1 Metal - 90.5), renderer: Apple M1
I0000 00:00:1774628598.941579       1 gl_context.cc:344] GL version: 2.1 (2.1 Metal - 90.5), renderer: Apple M1
I0000 00:00:1774628599.062104       1 gl_context.cc:344] GL version: 2.1 (2.1 Metal - 90.5), renderer: Apple M1
I0000 00:00:1774628599.189087       1 gl_context.cc:344] GL version: 2.1 (2.1 Metal - 90.5), renderer: Apple M1
I0000 00:00:1774628599.349768       1 gl_context.cc:344] GL version: 2.1 (2.1 Metal - 90.5), renderer: Apple M1
I0000 00:00:1774628599.464607       1 gl_context.cc:344] GL version: 2.1 (2.1 Metal - 90.5), renderer: Apple M1
I0000 00:00:1774628599.573431       1 gl_context.cc:344] GL version: 2.1 (2.1 Metal - 90.5), renderer: Apple M1
I0000 00:00:1774628599.728718       1 gl_context.cc:344] GL version: 2.1 (2.1 Metal - 90.5), renderer: Apple M1
I0000 00:00:1774628599.847955       1 gl_context.cc:344] GL version: 2.1 (2.1 Metal - 90.5), renderer: Apple M1
I0000 00:00:1774628599.979868       1 gl_context.cc:344] GL version: 2.1 (2.1 Metal - 90.5), renderer: Apple M1
I0000 00:00:1774628600.141270       1 gl_context.cc:344] GL version: 2.1 (2.1 Metal - 90.5), renderer: Apple M1
I0000 00:00:1774628600.274478       1 gl_context.cc:344] GL version: 2.1 (2.1 Metal - 90.5), renderer: Apple M1
I0000 00:00:1774628600.430576       1 gl_context.cc:344] GL version: 2.1 (2.1 Metal - 90.5), renderer: Apple M1
I0000 00:00:1774628600.556532       1 gl_context.cc:344] GL version: 2.1 (2.1 Metal - 90.5), renderer: Apple M1
I0000 00:00:1774628600.681065       1 gl_context.cc:344] GL version: 2.1 (2.1 Metal - 90.5), renderer: Apple M1
I0000 00:00:1774628600.806617       1 gl_context.cc:344] GL version: 2.1 (2.1 Metal - 90.5), renderer: Apple M1
I0000 00:00:1774628600.976140       1 gl_context.cc:344] GL version: 2.1 (2.1 Metal - 90.5), renderer: Apple M1
I0000 00:00:1774628601.091458       1 gl_context.cc:344] GL version: 2.1 (2.1 Metal - 90.5), renderer: Apple M1
I0000 00:00:1774628601.207675       1 gl_context.cc:344] GL version: 2.1 (2.1 Metal - 90.5), renderer: Apple M1
I0000 00:00:1774628601.348616       1 gl_context.cc:344] GL version: 2.1 (2.1 Metal - 90.5), renderer: Apple M1
I0000 00:00:1774628601.512854       1 gl_context.cc:344] GL version: 2.1 (2.1 Metal - 90.5), renderer: Apple M1
I0000 00:00:1774628601.674118       1 gl_context.cc:344] GL version: 2.1 (2.1 Metal - 90.5), renderer: Apple M1
I0000 00:00:1774628601.806199       1 gl_context.cc:344] GL version: 2.1 (2.1 Metal - 90.5), renderer: Apple M1
I0000 00:00:1774628601.941249       1 gl_context.cc:344] GL version: 2.1 (2.1 Metal - 90.5), renderer: Apple M1
I0000 00:00:1774628602.059578       1 gl_context.cc:344] GL version: 2.1 (2.1 Metal - 90.5), renderer: Apple M1
I0000 00:00:1774628602.189691       1 gl_context.cc:344] GL version: 2.1 (2.1 Metal - 90.5), renderer: Apple M1
I0000 00:00:1774628602.365095       1 gl_context.cc:344] GL version: 2.1 (2.1 Metal - 90.5), renderer: Apple M1
I0000 00:00:1774628602.523441       1 gl_context.cc:344] GL version: 2.1 (2.1 Metal - 90.5), renderer: Apple M1
I0000 00:00:1774628602.662153       1 gl_context.cc:344] GL version: 2.1 (2.1 Metal - 90.5), renderer: Apple M1
I0000 00:00:1774628602.796098       1 gl_context.cc:344] GL version: 2.1 (2.1 Metal - 90.5), renderer: Apple M1
I0000 00:00:1774628602.978498       1 gl_context.cc:344] GL version: 2.1 (2.1 Metal - 90.5), renderer: Apple M1
I0000 00:00:1774628603.180730       1 gl_context.cc:344] GL version: 2.1 (2.1 Metal - 90.5), renderer: Apple M1
I0000 00:00:1774628603.364793       1 gl_context.cc:344] GL version: 2.1 (2.1 Metal - 90.5), renderer: Apple M1
I0000 00:00:1774628603.547193       1 gl_context.cc:344] GL version: 2.1 (2.1 Metal - 90.5), renderer: Apple M1
I0000 00:00:1774628603.738402       1 gl_context.cc:344] GL version: 2.1 (2.1 Metal - 90.5), renderer: Apple M1
I0000 00:00:1774628603.930557       1 gl_context.cc:344] GL version: 2.1 (2.1 Metal - 90.5), renderer: Apple M1
I0000 00:00:1774628604.089675       1 gl_context.cc:344] GL version: 2.1 (2.1 Metal - 90.5), renderer: Apple M1
I0000 00:00:1774628604.264490       1 gl_context.cc:344] GL version: 2.1 (2.1 Metal - 90.5), renderer: Apple M1
I0000 00:00:1774628604.437453       1 gl_context.cc:344] GL version: 2.1 (2.1 Metal - 90.5), renderer: Apple M1
I0000 00:00:1774628604.629876       1 gl_context.cc:344] GL version: 2.1 (2.1 Metal - 90.5), renderer: Apple M1
I0000 00:00:1774628604.769805       1 gl_context.cc:344] GL version: 2.1 (2.1 Metal - 90.5), renderer: Apple M1
I0000 00:00:1774628604.921041       1 gl_context.cc:344] GL version: 2.1 (2.1 Metal - 90.5), renderer: Apple M1
I0000 00:00:1774628605.072844       1 gl_context.cc:344] GL version: 2.1 (2.1 Metal - 90.5), renderer: Apple M1
I0000 00:00:1774628605.206413       1 gl_context.cc:344] GL version: 2.1 (2.1 Metal - 90.5), renderer: Apple M1
I0000 00:00:1774628605.326568       1 gl_context.cc:344] GL version: 2.1 (2.1 Metal - 90.5), renderer: Apple M1
I0000 00:00:1774628605.456508       1 gl_context.cc:344] GL version: 2.1 (2.1 Metal - 90.5), renderer: Apple M1
I0000 00:00:1774628605.589920       1 gl_context.cc:344] GL version: 2.1 (2.1 Metal - 90.5), renderer: Apple M1
I0000 00:00:1774628605.722029       1 gl_context.cc:344] GL version: 2.1 (2.1 Metal - 90.5), renderer: Apple M1
I0000 00:00:1774628605.848935       1 gl_context.cc:344] GL version: 2.1 (2.1 Metal - 90.5), renderer: Apple M1
I0000 00:00:1774628605.962201       1 gl_context.cc:344] GL version: 2.1 (2.1 Metal - 90.5), renderer: Apple M1
I0000 00:00:1774628606.075415       1 gl_context.cc:344] GL version: 2.1 (2.1 Metal - 90.5), renderer: Apple M1
I0000 00:00:1774628606.389519       1 gl_context.cc:344] GL version: 2.1 (2.1 Metal - 90.5), renderer: Apple M1
I0000 00:00:1774628606.530543       1 gl_context.cc:344] GL version: 2.1 (2.1 Metal - 90.5), renderer: Apple M1
I0000 00:00:1774628606.674225       1 gl_context.cc:344] GL version: 2.1 (2.1 Metal - 90.5), renderer: Apple M1
I0000 00:00:1774628606.793531       1 gl_context.cc:344] GL version: 2.1 (2.1 Metal - 90.5), renderer: Apple M1
I0000 00:00:1774628606.911581       1 gl_context.cc:344] GL version: 2.1 (2.1 Metal - 90.5), renderer: Apple M1
I0000 00:00:1774628607.031285       1 gl_context.cc:344] GL version: 2.1 (2.1 Metal - 90.5), renderer: Apple M1
I0000 00:00:1774628607.158050       1 gl_context.cc:344] GL version: 2.1 (2.1 Metal - 90.5), renderer: Apple M1
I0000 00:00:1774628607.292168       1 gl_context.cc:344] GL version: 2.1 (2.1 Metal - 90.5), renderer: Apple M1
I0000 00:00:1774628607.422521       1 gl_context.cc:344] GL version: 2.1 (2.1 Metal - 90.5), renderer: Apple M1
I0000 00:00:1774628607.545834       1 gl_context.cc:344] GL version: 2.1 (2.1 Metal - 90.5), renderer: Apple M1
I0000 00:00:1774628607.672181       1 gl_context.cc:344] GL version: 2.1 (2.1 Metal - 90.5), renderer: Apple M1
I0000 00:00:1774628607.832523       1 gl_context.cc:344] GL version: 2.1 (2.1 Metal - 90.5), renderer: Apple M1
I0000 00:00:1774628607.959956       1 gl_context.cc:344] GL version: 2.1 (2.1 Metal - 90.5), renderer: Apple M1
I0000 00:00:1774628608.091623       1 gl_context.cc:344] GL version: 2.1 (2.1 Metal - 90.5), renderer: Apple M1
I0000 00:00:1774628608.226334       1 gl_context.cc:344] GL version: 2.1 (2.1 Metal - 90.5), renderer: Apple M1
I0000 00:00:1774628608.347966       1 gl_context.cc:344] GL version: 2.1 (2.1 Metal - 90.5), renderer: Apple M1
I0000 00:00:1774628608.468579       1 gl_context.cc:344] GL version: 2.1 (2.1 Metal - 90.5), renderer: Apple M1
I0000 00:00:1774628608.579050       1 gl_context.cc:344] GL version: 2.1 (2.1 Metal - 90.5), renderer: Apple M1
I0000 00:00:1774628608.702643       1 gl_context.cc:344] GL version: 2.1 (2.1 Metal - 90.5), renderer: Apple M1
I0000 00:00:1774628608.830120       1 gl_context.cc:344] GL version: 2.1 (2.1 Metal - 90.5), renderer: Apple M1
I0000 00:00:1774628608.958271       1 gl_context.cc:344] GL version: 2.1 (2.1 Metal - 90.5), renderer: Apple M1
I0000 00:00:1774628609.095641       1 gl_context.cc:344] GL version: 2.1 (2.1 Metal - 90.5), renderer: Apple M1
I0000 00:00:1774628609.282376       1 gl_context.cc:344] GL version: 2.1 (2.1 Metal - 90.5), renderer: Apple M1
I0000 00:00:1774628609.437225       1 gl_context.cc:344] GL version: 2.1 (2.1 Metal - 90.5), renderer: Apple M1
I0000 00:00:1774628609.580118       1 gl_context.cc:344] GL version: 2.1 (2.1 Metal - 90.5), renderer: Apple M1
I0000 00:00:1774628609.764839       1 gl_context.cc:344] GL version: 2.1 (2.1 Metal - 90.5), renderer: Apple M1
I0000 00:00:1774628609.914122       1 gl_context.cc:344] GL version: 2.1 (2.1 Metal - 90.5), renderer: Apple M1
I0000 00:00:1774628610.055590       1 gl_context.cc:344] GL version: 2.1 (2.1 Metal - 90.5), renderer: Apple M1
I0000 00:00:1774628610.191802       1 gl_context.cc:344] GL version: 2.1 (2.1 Metal - 90.5), renderer: Apple M1
I0000 00:00:1774628610.323040       1 gl_context.cc:344] GL version: 2.1 (2.1 Metal - 90.5), renderer: Apple M1
I0000 00:00:1774628610.456335       1 gl_context.cc:344] GL version: 2.1 (2.1 Metal - 90.5), renderer: Apple M1
I0000 00:00:1774628610.639984       1 gl_context.cc:344] GL version: 2.1 (2.1 Metal - 90.5), renderer: Apple M1
I0000 00:00:1774628610.772456       1 gl_context.cc:344] GL version: 2.1 (2.1 Metal - 90.5), renderer: Apple M1
I0000 00:00:1774628610.906949       1 gl_context.cc:344] GL version: 2.1 (2.1 Metal - 90.5), renderer: Apple M1
I0000 00:00:1774628611.040754       1 gl_context.cc:344] GL version: 2.1 (2.1 Metal - 90.5), renderer: Apple M1
I0000 00:00:1774628611.154771       1 gl_context.cc:344] GL version: 2.1 (2.1 Metal - 90.5), renderer: Apple M1
I0000 00:00:1774628611.338644       1 gl_context.cc:344] GL version: 2.1 (2.1 Metal - 90.5), renderer: Apple M1
I0000 00:00:1774628611.510637       1 gl_context.cc:344] GL version: 2.1 (2.1 Metal - 90.5), renderer: Apple M1
I0000 00:00:1774628611.691341       1 gl_context.cc:344] GL version: 2.1 (2.1 Metal - 90.5), renderer: Apple M1
I0000 00:00:1774628611.844920       1 gl_context.cc:344] GL version: 2.1 (2.1 Metal - 90.5), renderer: Apple M1
I0000 00:00:1774628611.962656       1 gl_context.cc:344] GL version: 2.1 (2.1 Metal - 90.5), renderer: Apple M1
I0000 00:00:1774628612.088913       1 gl_context.cc:344] GL version: 2.1 (2.1 Metal - 90.5), renderer: Apple M1
I0000 00:00:1774628612.229640       1 gl_context.cc:344] GL version: 2.1 (2.1 Metal - 90.5), renderer: Apple M1
I0000 00:00:1774628612.357476       1 gl_context.cc:344] GL version: 2.1 (2.1 Metal - 90.5), renderer: Apple M1
I0000 00:00:1774628612.490023       1 gl_context.cc:344] GL version: 2.1 (2.1 Metal - 90.5), renderer: Apple M1
I0000 00:00:1774628612.606103       1 gl_context.cc:344] GL version: 2.1 (2.1 Metal - 90.5), renderer: Apple M1
I0000 00:00:1774628612.722850       1 gl_context.cc:344] GL version: 2.1 (2.1 Metal - 90.5), renderer: Apple M1
I0000 00:00:1774628612.847041       1 gl_context.cc:344] GL version: 2.1 (2.1 Metal - 90.5), renderer: Apple M1
I0000 00:00:1774628612.977499       1 gl_context.cc:344] GL version: 2.1 (2.1 Metal - 90.5), renderer: Apple M1
I0000 00:00:1774628613.105904       1 gl_context.cc:344] GL version: 2.1 (2.1 Metal - 90.5), renderer: Apple M1
I0000 00:00:1774628613.258266       1 gl_context.cc:344] GL version: 2.1 (2.1 Metal - 90.5), renderer: Apple M1
I0000 00:00:1774628613.373126       1 gl_context.cc:344] GL version: 2.1 (2.1 Metal - 90.5), renderer: Apple M1
I0000 00:00:1774628613.490090       1 gl_context.cc:344] GL version: 2.1 (2.1 Metal - 90.5), renderer: Apple M1
I0000 00:00:1774628613.605662       1 gl_context.cc:344] GL version: 2.1 (2.1 Metal - 90.5), renderer: Apple M1
I0000 00:00:1774628613.738249       1 gl_context.cc:344] GL version: 2.1 (2.1 Metal - 90.5), renderer: Apple M1
I0000 00:00:1774628613.865009       1 gl_context.cc:344] GL version: 2.1 (2.1 Metal - 90.5), renderer: Apple M1
I0000 00:00:1774628613.989362       1 gl_context.cc:344] GL version: 2.1 (2.1 Metal - 90.5), renderer: Apple M1
I0000 00:00:1774628614.110165       1 gl_context.cc:344] GL version: 2.1 (2.1 Metal - 90.5), renderer: Apple M1
I0000 00:00:1774628614.221971       1 gl_context.cc:344] GL version: 2.1 (2.1 Metal - 90.5), renderer: Apple M1
I0000 00:00:1774628614.338736       1 gl_context.cc:344] GL version: 2.1 (2.1 Metal - 90.5), renderer: Apple M1
I0000 00:00:1774628614.476698       1 gl_context.cc:344] GL version: 2.1 (2.1 Metal - 90.5), renderer: Apple M1
I0000 00:00:1774628614.621875       1 gl_context.cc:344] GL version: 2.1 (2.1 Metal - 90.5), renderer: Apple M1
I0000 00:00:1774628614.752239       1 gl_context.cc:344] GL version: 2.1 (2.1 Metal - 90.5), renderer: Apple M1
I0000 00:00:1774628614.887083       1 gl_context.cc:344] GL version: 2.1 (2.1 Metal - 90.5), renderer: Apple M1
I0000 00:00:1774628615.014274       1 gl_context.cc:344] GL version: 2.1 (2.1 Metal - 90.5), renderer: Apple M1
I0000 00:00:1774628615.153529       1 gl_context.cc:344] GL version: 2.1 (2.1 Metal - 90.5), renderer: Apple M1
I0000 00:00:1774628615.294247       1 gl_context.cc:344] GL version: 2.1 (2.1 Metal - 90.5), renderer: Apple M1
I0000 00:00:1774628615.427184       1 gl_context.cc:344] GL version: 2.1 (2.1 Metal - 90.5), renderer: Apple M1
I0000 00:00:1774628615.573043       1 gl_context.cc:344] GL version: 2.1 (2.1 Metal - 90.5), renderer: Apple M1
I0000 00:00:1774628615.704796       1 gl_context.cc:344] GL version: 2.1 (2.1 Metal - 90.5), renderer: Apple M1
I0000 00:00:1774628615.837041       1 gl_context.cc:344] GL version: 2.1 (2.1 Metal - 90.5), renderer: Apple M1
I0000 00:00:1774628615.956220       1 gl_context.cc:344] GL version: 2.1 (2.1 Metal - 90.5), renderer: Apple M1
I0000 00:00:1774628616.080132       1 gl_context.cc:344] GL version: 2.1 (2.1 Metal - 90.5), renderer: Apple M1
I0000 00:00:1774628616.261696       1 gl_context.cc:344] GL version: 2.1 (2.1 Metal - 90.5), renderer: Apple M1
I0000 00:00:1774628616.393655       1 gl_context.cc:344] GL version: 2.1 (2.1 Metal - 90.5), renderer: Apple M1
I0000 00:00:1774628616.522039       1 gl_context.cc:344] GL version: 2.1 (2.1 Metal - 90.5), renderer: Apple M1
I0000 00:00:1774628616.694485       1 gl_context.cc:344] GL version: 2.1 (2.1 Metal - 90.5), renderer: Apple M1
I0000 00:00:1774628616.854332       1 gl_context.cc:344] GL version: 2.1 (2.1 Metal - 90.5), renderer: Apple M1
I0000 00:00:1774628617.038649       1 gl_context.cc:344] GL version: 2.1 (2.1 Metal - 90.5), renderer: Apple M1
I0000 00:00:1774628617.226521       1 gl_context.cc:344] GL version: 2.1 (2.1 Metal - 90.5), renderer: Apple M1
I0000 00:00:1774628617.409853       1 gl_context.cc:344] GL version: 2.1 (2.1 Metal - 90.5), renderer: Apple M1
I0000 00:00:1774628617.538988       1 gl_context.cc:344] GL version: 2.1 (2.1 Metal - 90.5), renderer: Apple M1
I0000 00:00:1774628617.687527       1 gl_context.cc:344] GL version: 2.1 (2.1 Metal - 90.5), renderer: Apple M1
I0000 00:00:1774628617.821365       1 gl_context.cc:344] GL version: 2.1 (2.1 Metal - 90.5), renderer: Apple M1
I0000 00:00:1774628618.003745       1 gl_context.cc:344] GL version: 2.1 (2.1 Metal - 90.5), renderer: Apple M1
I0000 00:00:1774628618.138417       1 gl_context.cc:344] GL version: 2.1 (2.1 Metal - 90.5), renderer: Apple M1
I0000 00:00:1774628618.304009       1 gl_context.cc:344] GL version: 2.1 (2.1 Metal - 90.5), renderer: Apple M1
I0000 00:00:1774628618.472334       1 gl_context.cc:344] GL version: 2.1 (2.1 Metal - 90.5), renderer: Apple M1
I0000 00:00:1774628618.640813       1 gl_context.cc:344] GL version: 2.1 (2.1 Metal - 90.5), renderer: Apple M1
I0000 00:00:1774628618.821749       1 gl_context.cc:344] GL version: 2.1 (2.1 Metal - 90.5), renderer: Apple M1
I0000 00:00:1774628618.988942       1 gl_context.cc:344] GL version: 2.1 (2.1 Metal - 90.5), renderer: Apple M1
I0000 00:00:1774628619.170745       1 gl_context.cc:344] GL version: 2.1 (2.1 Metal - 90.5), renderer: Apple M1
I0000 00:00:1774628619.339184       1 gl_context.cc:344] GL version: 2.1 (2.1 Metal - 90.5), renderer: Apple M1
I0000 00:00:1774628619.520599       1 gl_context.cc:344] GL version: 2.1 (2.1 Metal - 90.5), renderer: Apple M1
I0000 00:00:1774628619.689088       1 gl_context.cc:344] GL version: 2.1 (2.1 Metal - 90.5), renderer: Apple M1
I0000 00:00:1774628619.863585       1 gl_context.cc:344] GL version: 2.1 (2.1 Metal - 90.5), renderer: Apple M1
I0000 00:00:1774628620.071345       1 gl_context.cc:344] GL version: 2.1 (2.1 Metal - 90.5), renderer: Apple M1
I0000 00:00:1774628620.195072       1 gl_context.cc:344] GL version: 2.1 (2.1 Metal - 90.5), renderer: Apple M1
I0000 00:00:1774628620.380740       1 gl_context.cc:344] GL version: 2.1 (2.1 Metal - 90.5), renderer: Apple M1
I0000 00:00:1774628620.512052       1 gl_context.cc:344] GL version: 2.1 (2.1 Metal - 90.5), renderer: Apple M1
I0000 00:00:1774628620.639350       1 gl_context.cc:344] GL version: 2.1 (2.1 Metal - 90.5), renderer: Apple M1
I0000 00:00:1774628620.770961       1 gl_context.cc:344] GL version: 2.1 (2.1 Metal - 90.5), renderer: Apple M1
I0000 00:00:1774628620.890516       1 gl_context.cc:344] GL version: 2.1 (2.1 Metal - 90.5), renderer: Apple M1
I0000 00:00:1774628621.009185       1 gl_context.cc:344] GL version: 2.1 (2.1 Metal - 90.5), renderer: Apple M1
I0000 00:00:1774628621.141588       1 gl_context.cc:344] GL version: 2.1 (2.1 Metal - 90.5), renderer: Apple M1
I0000 00:00:1774628621.275190       1 gl_context.cc:344] GL version: 2.1 (2.1 Metal - 90.5), renderer: Apple M1
I0000 00:00:1774628621.410275       1 gl_context.cc:344] GL version: 2.1 (2.1 Metal - 90.5), renderer: Apple M1
I0000 00:00:1774628621.540804       1 gl_context.cc:344] GL version: 2.1 (2.1 Metal - 90.5), renderer: Apple M1
I0000 00:00:1774628621.670905       1 gl_context.cc:344] GL version: 2.1 (2.1 Metal - 90.5), renderer: Apple M1
I0000 00:00:1774628621.794331       1 gl_context.cc:344] GL version: 2.1 (2.1 Metal - 90.5), renderer: Apple M1
I0000 00:00:1774628621.921098       1 gl_context.cc:344] GL version: 2.1 (2.1 Metal - 90.5), renderer: Apple M1
I0000 00:00:1774628622.071153       1 gl_context.cc:344] GL version: 2.1 (2.1 Metal - 90.5), renderer: Apple M1
I0000 00:00:1774628622.204650       1 gl_context.cc:344] GL version: 2.1 (2.1 Metal - 90.5), renderer: Apple M1
I0000 00:00:1774628622.337980       1 gl_context.cc:344] GL version: 2.1 (2.1 Metal - 90.5), renderer: Apple M1
I0000 00:00:1774628622.463651       1 gl_context.cc:344] GL version: 2.1 (2.1 Metal - 90.5), renderer: Apple M1
I0000 00:00:1774628622.575763       1 gl_context.cc:344] GL version: 2.1 (2.1 Metal - 90.5), renderer: Apple M1
I0000 00:00:1774628622.705484       1 gl_context.cc:344] GL version: 2.1 (2.1 Metal - 90.5), renderer: Apple M1
I0000 00:00:1774628622.838165       1 gl_context.cc:344] GL version: 2.1 (2.1 Metal - 90.5), renderer: Apple M1
I0000 00:00:1774628622.971200       1 gl_context.cc:344] GL version: 2.1 (2.1 Metal - 90.5), renderer: Apple M1
I0000 00:00:1774628623.097495       1 gl_context.cc:344] GL version: 2.1 (2.1 Metal - 90.5), renderer: Apple M1
I0000 00:00:1774628623.221958       1 gl_context.cc:344] GL version: 2.1 (2.1 Metal - 90.5), renderer: Apple M1
I0000 00:00:1774628623.339595       1 gl_context.cc:344] GL version: 2.1 (2.1 Metal - 90.5), renderer: Apple M1
I0000 00:00:1774628623.488925       1 gl_context.cc:344] GL version: 2.1 (2.1 Metal - 90.5), renderer: Apple M1
I0000 00:00:1774628623.657397       1 gl_context.cc:344] GL version: 2.1 (2.1 Metal - 90.5), renderer: Apple M1
I0000 00:00:1774628623.787642       1 gl_context.cc:344] GL version: 2.1 (2.1 Metal - 90.5), renderer: Apple M1
I0000 00:00:1774628623.946324       1 gl_context.cc:344] GL version: 2.1 (2.1 Metal - 90.5), renderer: Apple M1
I0000 00:00:1774628624.094902       1 gl_context.cc:344] GL version: 2.1 (2.1 Metal - 90.5), renderer: Apple M1
I0000 00:00:1774628624.211800       1 gl_context.cc:344] GL version: 2.1 (2.1 Metal - 90.5), renderer: Apple M1
I0000 00:00:1774628624.327836       1 gl_context.cc:344] GL version: 2.1 (2.1 Metal - 90.5), renderer: Apple M1
I0000 00:00:1774628624.455117       1 gl_context.cc:344] GL version: 2.1 (2.1 Metal - 90.5), renderer: Apple M1
I0000 00:00:1774628624.584758       1 gl_context.cc:344] GL version: 2.1 (2.1 Metal - 90.5), renderer: Apple M1
I0000 00:00:1774628624.711041       1 gl_context.cc:344] GL version: 2.1 (2.1 Metal - 90.5), renderer: Apple M1
I0000 00:00:1774628624.877377       1 gl_context.cc:344] GL version: 2.1 (2.1 Metal - 90.5), renderer: Apple M1
I0000 00:00:1774628625.057492       1 gl_context.cc:344] GL version: 2.1 (2.1 Metal - 90.5), renderer: Apple M1
I0000 00:00:1774628625.190145       1 gl_context.cc:344] GL version: 2.1 (2.1 Metal - 90.5), renderer: Apple M1
I0000 00:00:1774628625.321108       1 gl_context.cc:344] GL version: 2.1 (2.1 Metal - 90.5), renderer: Apple M1
I0000 00:00:1774628625.454362       1 gl_context.cc:344] GL version: 2.1 (2.1 Metal - 90.5), renderer: Apple M1
I0000 00:00:1774628625.580704       1 gl_context.cc:344] GL version: 2.1 (2.1 Metal - 90.5), renderer: Apple M1
I0000 00:00:1774628625.705947       1 gl_context.cc:344] GL version: 2.1 (2.1 Metal - 90.5), renderer: Apple M1
I0000 00:00:1774628625.820203       1 gl_context.cc:344] GL version: 2.1 (2.1 Metal - 90.5), renderer: Apple M1
I0000 00:00:1774628625.941405       1 gl_context.cc:344] GL version: 2.1 (2.1 Metal - 90.5), renderer: Apple M1
I0000 00:00:1774628626.076553       1 gl_context.cc:344] GL version: 2.1 (2.1 Metal - 90.5), renderer: Apple M1
I0000 00:00:1774628626.204839       1 gl_context.cc:344] GL version: 2.1 (2.1 Metal - 90.5), renderer: Apple M1
I0000 00:00:1774628626.338001       1 gl_context.cc:344] GL version: 2.1 (2.1 Metal - 90.5), renderer: Apple M1
I0000 00:00:1774628626.460424       1 gl_context.cc:344] GL version: 2.1 (2.1 Metal - 90.5), renderer: Apple M1
I0000 00:00:1774628626.571493       1 gl_context.cc:344] GL version: 2.1 (2.1 Metal - 90.5), renderer: Apple M1
I0000 00:00:1774628626.688453       1 gl_context.cc:344] GL version: 2.1 (2.1 Metal - 90.5), renderer: Apple M1
I0000 00:00:1774628626.813853       1 gl_context.cc:344] GL version: 2.1 (2.1 Metal - 90.5), renderer: Apple M1
I0000 00:00:1774628626.938580       1 gl_context.cc:344] GL version: 2.1 (2.1 Metal - 90.5), renderer: Apple M1
I0000 00:00:1774628627.070284       1 gl_context.cc:344] GL version: 2.1 (2.1 Metal - 90.5), renderer: Apple M1
I0000 00:00:1774628627.208616       1 gl_context.cc:344] GL version: 2.1 (2.1 Metal - 90.5), renderer: Apple M1
I0000 00:00:1774628627.329043       1 gl_context.cc:344] GL version: 2.1 (2.1 Metal - 90.5), renderer: Apple M1
I0000 00:00:1774628627.454124       1 gl_context.cc:344] GL version: 2.1 (2.1 Metal - 90.5), renderer: Apple M1
I0000 00:00:1774628627.577243       1 gl_context.cc:344] GL version: 2.1 (2.1 Metal - 90.5), renderer: Apple M1
I0000 00:00:1774628627.757255       1 gl_context.cc:344] GL version: 2.1 (2.1 Metal - 90.5), renderer: Apple M1
I0000 00:00:1774628628.071952       1 gl_context.cc:344] GL version: 2.1 (2.1 Metal - 90.5), renderer: Apple M1
I0000 00:00:1774628628.186851       1 gl_context.cc:344] GL version: 2.1 (2.1 Metal - 90.5), renderer: Apple M1
I0000 00:00:1774628628.308191       1 gl_context.cc:344] GL version: 2.1 (2.1 Metal - 90.5), renderer: Apple M1
I0000 00:00:1774628628.443075       1 gl_context.cc:344] GL version: 2.1 (2.1 Metal - 90.5), renderer: Apple M1
I0000 00:00:1774628628.586399       1 gl_context.cc:344] GL version: 2.1 (2.1 Metal - 90.5), renderer: Apple M1
I0000 00:00:1774628628.718829       1 gl_context.cc:344] GL version: 2.1 (2.1 Metal - 90.5), renderer: Apple M1
I0000 00:00:1774628628.887918       1 gl_context.cc:344] GL version: 2.1 (2.1 Metal - 90.5), renderer: Apple M1
I0000 00:00:1774628629.004666       1 gl_context.cc:344] GL version: 2.1 (2.1 Metal - 90.5), renderer: Apple M1
I0000 00:00:1774628629.136720       1 gl_context.cc:344] GL version: 2.1 (2.1 Metal - 90.5), renderer: Apple M1
I0000 00:00:1774628629.304638       1 gl_context.cc:344] GL version: 2.1 (2.1 Metal - 90.5), renderer: Apple M1
I0000 00:00:1774628629.441257       1 gl_context.cc:344] GL version: 2.1 (2.1 Metal - 90.5), renderer: Apple M1
I0000 00:00:1774628629.570506       1 gl_context.cc:344] GL version: 2.1 (2.1 Metal - 90.5), renderer: Apple M1
I0000 00:00:1774628629.694320       1 gl_context.cc:344] GL version: 2.1 (2.1 Metal - 90.5), renderer: Apple M1
I0000 00:00:1774628629.807924       1 gl_context.cc:344] GL version: 2.1 (2.1 Metal - 90.5), renderer: Apple M1
I0000 00:00:1774628629.942335       1 gl_context.cc:344] GL version: 2.1 (2.1 Metal - 90.5), renderer: Apple M1
I0000 00:00:1774628630.087605       1 gl_context.cc:344] GL version: 2.1 (2.1 Metal - 90.5), renderer: Apple M1
I0000 00:00:1774628630.236973       1 gl_context.cc:344] GL version: 2.1 (2.1 Metal - 90.5), renderer: Apple M1
I0000 00:00:1774628630.371265       1 gl_context.cc:344] GL version: 2.1 (2.1 Metal - 90.5), renderer: Apple M1
I0000 00:00:1774628630.487881       1 gl_context.cc:344] GL version: 2.1 (2.1 Metal - 90.5), renderer: Apple M1
I0000 00:00:1774628630.645748       1 gl_context.cc:344] GL version: 2.1 (2.1 Metal - 90.5), renderer: Apple M1
I0000 00:00:1774628630.780262       1 gl_context.cc:344] GL version: 2.1 (2.1 Metal - 90.5), renderer: Apple M1
I0000 00:00:1774628630.969836       1 gl_context.cc:344] GL version: 2.1 (2.1 Metal - 90.5), renderer: Apple M1
I0000 00:00:1774628631.108417       1 gl_context.cc:344] GL version: 2.1 (2.1 Metal - 90.5), renderer: Apple M1
I0000 00:00:1774628631.241916       1 gl_context.cc:344] GL version: 2.1 (2.1 Metal - 90.5), renderer: Apple M1
I0000 00:00:1774628631.371422       1 gl_context.cc:344] GL version: 2.1 (2.1 Metal - 90.5), renderer: Apple M1
I0000 00:00:1774628631.491418       1 gl_context.cc:344] GL version: 2.1 (2.1 Metal - 90.5), renderer: Apple M1
I0000 00:00:1774628631.620239       1 gl_context.cc:344] GL version: 2.1 (2.1 Metal - 90.5), renderer: Apple M1
I0000 00:00:1774628631.752648       1 gl_context.cc:344] GL version: 2.1 (2.1 Metal - 90.5), renderer: Apple M1
I0000 00:00:1774628631.885255       1 gl_context.cc:344] GL version: 2.1 (2.1 Metal - 90.5), renderer: Apple M1
I0000 00:00:1774628632.021015       1 gl_context.cc:344] GL version: 2.1 (2.1 Metal - 90.5), renderer: Apple M1
I0000 00:00:1774628632.152381       1 gl_context.cc:344] GL version: 2.1 (2.1 Metal - 90.5), renderer: Apple M1
I0000 00:00:1774628632.318806       1 gl_context.cc:344] GL version: 2.1 (2.1 Metal - 90.5), renderer: Apple M1
I0000 00:00:1774628632.452888       1 gl_context.cc:344] GL version: 2.1 (2.1 Metal - 90.5), renderer: Apple M1
I0000 00:00:1774628632.586766       1 gl_context.cc:344] GL version: 2.1 (2.1 Metal - 90.5), renderer: Apple M1
I0000 00:00:1774628632.719982       1 gl_context.cc:344] GL version: 2.1 (2.1 Metal - 90.5), renderer: Apple M1
I0000 00:00:1774628632.853467       1 gl_context.cc:344] GL version: 2.1 (2.1 Metal - 90.5), renderer: Apple M1
I0000 00:00:1774628632.979245       1 gl_context.cc:344] GL version: 2.1 (2.1 Metal - 90.5), renderer: Apple M1
I0000 00:00:1774628633.094949       1 gl_context.cc:344] GL version: 2.1 (2.1 Metal - 90.5), renderer: Apple M1
I0000 00:00:1774628633.224809       1 gl_context.cc:344] GL version: 2.1 (2.1 Metal - 90.5), renderer: Apple M1
I0000 00:00:1774628633.356411       1 gl_context.cc:344] GL version: 2.1 (2.1 Metal - 90.5), renderer: Apple M1
I0000 00:00:1774628633.488539       1 gl_context.cc:344] GL version: 2.1 (2.1 Metal - 90.5), renderer: Apple M1
I0000 00:00:1774628633.623057       1 gl_context.cc:344] GL version: 2.1 (2.1 Metal - 90.5), renderer: Apple M1
I0000 00:00:1774628633.741827       1 gl_context.cc:344] GL version: 2.1 (2.1 Metal - 90.5), renderer: Apple M1
I0000 00:00:1774628633.855730       1 gl_context.cc:344] GL version: 2.1 (2.1 Metal - 90.5), renderer: Apple M1
I0000 00:00:1774628633.973418       1 gl_context.cc:344] GL version: 2.1 (2.1 Metal - 90.5), renderer: Apple M1
I0000 00:00:1774628634.103453       1 gl_context.cc:344] GL version: 2.1 (2.1 Metal - 90.5), renderer: Apple M1
I0000 00:00:1774628634.236140       1 gl_context.cc:344] GL version: 2.1 (2.1 Metal - 90.5), renderer: Apple M1
I0000 00:00:1774628634.369953       1 gl_context.cc:344] GL version: 2.1 (2.1 Metal - 90.5), renderer: Apple M1
I0000 00:00:1774628634.540653       1 gl_context.cc:344] GL version: 2.1 (2.1 Metal - 90.5), renderer: Apple M1
I0000 00:00:1774628634.652426       1 gl_context.cc:344] GL version: 2.1 (2.1 Metal - 90.5), renderer: Apple M1
I0000 00:00:1774628634.770232       1 gl_context.cc:344] GL version: 2.1 (2.1 Metal - 90.5), renderer: Apple M1
I0000 00:00:1774628634.908376       1 gl_context.cc:344] GL version: 2.1 (2.1 Metal - 90.5), renderer: Apple M1
I0000 00:00:1774628635.053462       1 gl_context.cc:344] GL version: 2.1 (2.1 Metal - 90.5), renderer: Apple M1
I0000 00:00:1774628635.243609       1 gl_context.cc:344] GL version: 2.1 (2.1 Metal - 90.5), renderer: Apple M1
I0000 00:00:1774628635.410253       1 gl_context.cc:344] GL version: 2.1 (2.1 Metal - 90.5), renderer: Apple M1
I0000 00:00:1774628635.560463       1 gl_context.cc:344] GL version: 2.1 (2.1 Metal - 90.5), renderer: Apple M1
I0000 00:00:1774628635.701354       1 gl_context.cc:344] GL version: 2.1 (2.1 Metal - 90.5), renderer: Apple M1
I0000 00:00:1774628635.836562       1 gl_context.cc:344] GL version: 2.1 (2.1 Metal - 90.5), renderer: Apple M1
I0000 00:00:1774628636.055571       1 gl_context.cc:344] GL version: 2.1 (2.1 Metal - 90.5), renderer: Apple M1
I0000 00:00:1774628636.202747       1 gl_context.cc:344] GL version: 2.1 (2.1 Metal - 90.5), renderer: Apple M1
I0000 00:00:1774628636.333775       1 gl_context.cc:344] GL version: 2.1 (2.1 Metal - 90.5), renderer: Apple M1
I0000 00:00:1774628636.601152       1 gl_context.cc:344] GL version: 2.1 (2.1 Metal - 90.5), renderer: Apple M1
I0000 00:00:1774628636.774032       1 gl_context.cc:344] GL version: 2.1 (2.1 Metal - 90.5), renderer: Apple M1
I0000 00:00:1774628636.961621       1 gl_context.cc:344] GL version: 2.1 (2.1 Metal - 90.5), renderer: Apple M1
I0000 00:00:1774628637.094933       1 gl_context.cc:344] GL version: 2.1 (2.1 Metal - 90.5), renderer: Apple M1
I0000 00:00:1774628637.274897       1 gl_context.cc:344] GL version: 2.1 (2.1 Metal - 90.5), renderer: Apple M1
I0000 00:00:1774628637.400043       1 gl_context.cc:344] GL version: 2.1 (2.1 Metal - 90.5), renderer: Apple M1
I0000 00:00:1774628637.575294       1 gl_context.cc:344] GL version: 2.1 (2.1 Metal - 90.5), renderer: Apple M1
I0000 00:00:1774628637.750531       1 gl_context.cc:344] GL version: 2.1 (2.1 Metal - 90.5), renderer: Apple M1
I0000 00:00:1774628637.927608       1 gl_context.cc:344] GL version: 2.1 (2.1 Metal - 90.5), renderer: Apple M1
I0000 00:00:1774628638.066767       1 gl_context.cc:344] GL version: 2.1 (2.1 Metal - 90.5), renderer: Apple M1
I0000 00:00:1774628638.225424       1 gl_context.cc:344] GL version: 2.1 (2.1 Metal - 90.5), renderer: Apple M1
I0000 00:00:1774628638.359474       1 gl_context.cc:344] GL version: 2.1 (2.1 Metal - 90.5), renderer: Apple M1
I0000 00:00:1774628638.500222       1 gl_context.cc:344] GL version: 2.1 (2.1 Metal - 90.5), renderer: Apple M1
I0000 00:00:1774628638.705793       1 gl_context.cc:344] GL version: 2.1 (2.1 Metal - 90.5), renderer: Apple M1
I0000 00:00:1774628638.879087       1 gl_context.cc:344] GL version: 2.1 (2.1 Metal - 90.5), renderer: Apple M1
I0000 00:00:1774628639.011720       1 gl_context.cc:344] GL version: 2.1 (2.1 Metal - 90.5), renderer: Apple M1
I0000 00:00:1774628639.167330       1 gl_context.cc:344] GL version: 2.1 (2.1 Metal - 90.5), renderer: Apple M1
I0000 00:00:1774628639.308450       1 gl_context.cc:344] GL version: 2.1 (2.1 Metal - 90.5), renderer: Apple M1
I0000 00:00:1774628639.450200       1 gl_context.cc:344] GL version: 2.1 (2.1 Metal - 90.5), renderer: Apple M1
I0000 00:00:1774628639.586307       1 gl_context.cc:344] GL version: 2.1 (2.1 Metal - 90.5), renderer: Apple M1
I0000 00:00:1774628639.719530       1 gl_context.cc:344] GL version: 2.1 (2.1 Metal - 90.5), renderer: Apple M1
I0000 00:00:1774628639.841884       1 gl_context.cc:344] GL version: 2.1 (2.1 Metal - 90.5), renderer: Apple M1
I0000 00:00:1774628639.978756       1 gl_context.cc:344] GL version: 2.1 (2.1 Metal - 90.5), renderer: Apple M1
I0000 00:00:1774628640.133453       1 gl_context.cc:344] GL version: 2.1 (2.1 Metal - 90.5), renderer: Apple M1
I0000 00:00:1774628640.285227       1 gl_context.cc:344] GL version: 2.1 (2.1 Metal - 90.5), renderer: Apple M1
I0000 00:00:1774628640.419367       1 gl_context.cc:344] GL version: 2.1 (2.1 Metal - 90.5), renderer: Apple M1
I0000 00:00:1774628640.568126       1 gl_context.cc:344] GL version: 2.1 (2.1 Metal - 90.5), renderer: Apple M1
I0000 00:00:1774628640.701671       1 gl_context.cc:344] GL version: 2.1 (2.1 Metal - 90.5), renderer: Apple M1
I0000 00:00:1774628640.819176       1 gl_context.cc:344] GL version: 2.1 (2.1 Metal - 90.5), renderer: Apple M1
I0000 00:00:1774628640.974622       1 gl_context.cc:344] GL version: 2.1 (2.1 Metal - 90.5), renderer: Apple M1
I0000 00:00:1774628641.133336       1 gl_context.cc:344] GL version: 2.1 (2.1 Metal - 90.5), renderer: Apple M1
I0000 00:00:1774628641.449864       1 gl_context.cc:344] GL version: 2.1 (2.1 Metal - 90.5), renderer: Apple M1
I0000 00:00:1774628641.572300       1 gl_context.cc:344] GL version: 2.1 (2.1 Metal - 90.5), renderer: Apple M1
I0000 00:00:1774628641.691682       1 gl_context.cc:344] GL version: 2.1 (2.1 Metal - 90.5), renderer: Apple M1
I0000 00:00:1774628641.822508       1 gl_context.cc:344] GL version: 2.1 (2.1 Metal - 90.5), renderer: Apple M1
I0000 00:00:1774628641.966088       1 gl_context.cc:344] GL version: 2.1 (2.1 Metal - 90.5), renderer: Apple M1
I0000 00:00:1774628642.099454       1 gl_context.cc:344] GL version: 2.1 (2.1 Metal - 90.5), renderer: Apple M1
I0000 00:00:1774628642.236827       1 gl_context.cc:344] GL version: 2.1 (2.1 Metal - 90.5), renderer: Apple M1
I0000 00:00:1774628642.373013       1 gl_context.cc:344] GL version: 2.1 (2.1 Metal - 90.5), renderer: Apple M1
I0000 00:00:1774628642.498813       1 gl_context.cc:344] GL version: 2.1 (2.1 Metal - 90.5), renderer: Apple M1
I0000 00:00:1774628642.615964       1 gl_context.cc:344] GL version: 2.1 (2.1 Metal - 90.5), renderer: Apple M1
I0000 00:00:1774628642.758739       1 gl_context.cc:344] GL version: 2.1 (2.1 Metal - 90.5), renderer: Apple M1
I0000 00:00:1774628642.891185       1 gl_context.cc:344] GL version: 2.1 (2.1 Metal - 90.5), renderer: Apple M1
I0000 00:00:1774628643.044065       1 gl_context.cc:344] GL version: 2.1 (2.1 Metal - 90.5), renderer: Apple M1
I0000 00:00:1774628643.187705       1 gl_context.cc:344] GL version: 2.1 (2.1 Metal - 90.5), renderer: Apple M1
I0000 00:00:1774628643.319925       1 gl_context.cc:344] GL version: 2.1 (2.1 Metal - 90.5), renderer: Apple M1
I0000 00:00:1774628643.443125       1 gl_context.cc:344] GL version: 2.1 (2.1 Metal - 90.5), renderer: Apple M1
I0000 00:00:1774628643.584903       1 gl_context.cc:344] GL version: 2.1 (2.1 Metal - 90.5), renderer: Apple M1
I0000 00:00:1774628643.768777       1 gl_context.cc:344] GL version: 2.1 (2.1 Metal - 90.5), renderer: Apple M1
I0000 00:00:1774628643.900736       1 gl_context.cc:344] GL version: 2.1 (2.1 Metal - 90.5), renderer: Apple M1
I0000 00:00:1774628644.028435       1 gl_context.cc:344] GL version: 2.1 (2.1 Metal - 90.5), renderer: Apple M1
I0000 00:00:1774628644.149442       1 gl_context.cc:344] GL version: 2.1 (2.1 Metal - 90.5), renderer: Apple M1
I0000 00:00:1774628644.269091       1 gl_context.cc:344] GL version: 2.1 (2.1 Metal - 90.5), renderer: Apple M1
I0000 00:00:1774628644.401963       1 gl_context.cc:344] GL version: 2.1 (2.1 Metal - 90.5), renderer: Apple M1
I0000 00:00:1774628644.540276       1 gl_context.cc:344] GL version: 2.1 (2.1 Metal - 90.5), renderer: Apple M1
I0000 00:00:1774628644.673055       1 gl_context.cc:344] GL version: 2.1 (2.1 Metal - 90.5), renderer: Apple M1
I0000 00:00:1774628644.825868       1 gl_context.cc:344] GL version: 2.1 (2.1 Metal - 90.5), renderer: Apple M1
I0000 00:00:1774628645.019241       1 gl_context.cc:344] GL version: 2.1 (2.1 Metal - 90.5), renderer: Apple M1
I0000 00:00:1774628645.203868       1 gl_context.cc:344] GL version: 2.1 (2.1 Metal - 90.5), renderer: Apple M1
I0000 00:00:1774628645.344559       1 gl_context.cc:344] GL version: 2.1 (2.1 Metal - 90.5), renderer: Apple M1
I0000 00:00:1774628645.540283       1 gl_context.cc:344] GL version: 2.1 (2.1 Metal - 90.5), renderer: Apple M1
I0000 00:00:1774628645.735303       1 gl_context.cc:344] GL version: 2.1 (2.1 Metal - 90.5), renderer: Apple M1
I0000 00:00:1774628645.918378       1 gl_context.cc:344] GL version: 2.1 (2.1 Metal - 90.5), renderer: Apple M1
I0000 00:00:1774628646.038189       1 gl_context.cc:344] GL version: 2.1 (2.1 Metal - 90.5), renderer: Apple M1
I0000 00:00:1774628646.202017       1 gl_context.cc:344] GL version: 2.1 (2.1 Metal - 90.5), renderer: Apple M1
I0000 00:00:1774628646.335507       1 gl_context.cc:344] GL version: 2.1 (2.1 Metal - 90.5), renderer: Apple M1
I0000 00:00:1774628646.469798       1 gl_context.cc:344] GL version: 2.1 (2.1 Metal - 90.5), renderer: Apple M1
I0000 00:00:1774628646.602646       1 gl_context.cc:344] GL version: 2.1 (2.1 Metal - 90.5), renderer: Apple M1
I0000 00:00:1774628646.720129       1 gl_context.cc:344] GL version: 2.1 (2.1 Metal - 90.5), renderer: Apple M1
I0000 00:00:1774628646.835865       1 gl_context.cc:344] GL version: 2.1 (2.1 Metal - 90.5), renderer: Apple M1
I0000 00:00:1774628646.968824       1 gl_context.cc:344] GL version: 2.1 (2.1 Metal - 90.5), renderer: Apple M1
I0000 00:00:1774628647.103260       1 gl_context.cc:344] GL version: 2.1 (2.1 Metal - 90.5), renderer: Apple M1
I0000 00:00:1774628647.235925       1 gl_context.cc:344] GL version: 2.1 (2.1 Metal - 90.5), renderer: Apple M1
I0000 00:00:1774628647.368525       1 gl_context.cc:344] GL version: 2.1 (2.1 Metal - 90.5), renderer: Apple M1
I0000 00:00:1774628647.487758       1 gl_context.cc:344] GL version: 2.1 (2.1 Metal - 90.5), renderer: Apple M1
I0000 00:00:1774628647.602838       1 gl_context.cc:344] GL version: 2.1 (2.1 Metal - 90.5), renderer: Apple M1
I0000 00:00:1774628647.726424       1 gl_context.cc:344] GL version: 2.1 (2.1 Metal - 90.5), renderer: Apple M1
I0000 00:00:1774628647.859847       1 gl_context.cc:344] GL version: 2.1 (2.1 Metal - 90.5), renderer: Apple M1
I0000 00:00:1774628647.991738       1 gl_context.cc:344] GL version: 2.1 (2.1 Metal - 90.5), renderer: Apple M1
I0000 00:00:1774628648.119965       1 gl_context.cc:344] GL version: 2.1 (2.1 Metal - 90.5), renderer: Apple M1
I0000 00:00:1774628648.241338       1 gl_context.cc:344] GL version: 2.1 (2.1 Metal - 90.5), renderer: Apple M1
I0000 00:00:1774628648.360929       1 gl_context.cc:344] GL version: 2.1 (2.1 Metal - 90.5), renderer: Apple M1
I0000 00:00:1774628648.484102       1 gl_context.cc:344] GL version: 2.1 (2.1 Metal - 90.5), renderer: Apple M1
I0000 00:00:1774628648.618279       1 gl_context.cc:344] GL version: 2.1 (2.1 Metal - 90.5), renderer: Apple M1
I0000 00:00:1774628648.753543       1 gl_context.cc:344] GL version: 2.1 (2.1 Metal - 90.5), renderer: Apple M1
I0000 00:00:1774628648.942705       1 gl_context.cc:344] GL version: 2.1 (2.1 Metal - 90.5), renderer: Apple M1
I0000 00:00:1774628649.101127       1 gl_context.cc:344] GL version: 2.1 (2.1 Metal - 90.5), renderer: Apple M1
I0000 00:00:1774628649.248335       1 gl_context.cc:344] GL version: 2.1 (2.1 Metal - 90.5), renderer: Apple M1
I0000 00:00:1774628649.416942       1 gl_context.cc:344] GL version: 2.1 (2.1 Metal - 90.5), renderer: Apple M1
I0000 00:00:1774628649.544011       1 gl_context.cc:344] GL version: 2.1 (2.1 Metal - 90.5), renderer: Apple M1
I0000 00:00:1774628649.721335       1 gl_context.cc:344] GL version: 2.1 (2.1 Metal - 90.5), renderer: Apple M1
I0000 00:00:1774628649.957037       1 gl_context.cc:344] GL version: 2.1 (2.1 Metal - 90.5), renderer: Apple M1
I0000 00:00:1774628650.119055       1 gl_context.cc:344] GL version: 2.1 (2.1 Metal - 90.5), renderer: Apple M1
I0000 00:00:1774628650.301468       1 gl_context.cc:344] GL version: 2.1 (2.1 Metal - 90.5), renderer: Apple M1
I0000 00:00:1774628650.433662       1 gl_context.cc:344] GL version: 2.1 (2.1 Metal - 90.5), renderer: Apple M1
I0000 00:00:1774628650.601532       1 gl_context.cc:344] GL version: 2.1 (2.1 Metal - 90.5), renderer: Apple M1
I0000 00:00:1774628650.724875       1 gl_context.cc:344] GL version: 2.1 (2.1 Metal - 90.5), renderer: Apple M1
I0000 00:00:1774628650.850804       1 gl_context.cc:344] GL version: 2.1 (2.1 Metal - 90.5), renderer: Apple M1
I0000 00:00:1774628650.970203       1 gl_context.cc:344] GL version: 2.1 (2.1 Metal - 90.5), renderer: Apple M1
I0000 00:00:1774628651.088515       1 gl_context.cc:344] GL version: 2.1 (2.1 Metal - 90.5), renderer: Apple M1
I0000 00:00:1774628651.220359       1 gl_context.cc:344] GL version: 2.1 (2.1 Metal - 90.5), renderer: Apple M1
I0000 00:00:1774628651.341108       1 gl_context.cc:344] GL version: 2.1 (2.1 Metal - 90.5), renderer: Apple M1
I0000 00:00:1774628651.467754       1 gl_context.cc:344] GL version: 2.1 (2.1 Metal - 90.5), renderer: Apple M1
I0000 00:00:1774628651.584478       1 gl_context.cc:344] GL version: 2.1 (2.1 Metal - 90.5), renderer: Apple M1
I0000 00:00:1774628651.700300       1 gl_context.cc:344] GL version: 2.1 (2.1 Metal - 90.5), renderer: Apple M1
I0000 00:00:1774628651.817128       1 gl_context.cc:344] GL version: 2.1 (2.1 Metal - 90.5), renderer: Apple M1
I0000 00:00:1774628651.991491       1 gl_context.cc:344] GL version: 2.1 (2.1 Metal - 90.5), renderer: Apple M1
I0000 00:00:1774628652.166749       1 gl_context.cc:344] GL version: 2.1 (2.1 Metal - 90.5), renderer: Apple M1
I0000 00:00:1774628652.291683       1 gl_context.cc:344] GL version: 2.1 (2.1 Metal - 90.5), renderer: Apple M1
I0000 00:00:1774628652.410399       1 gl_context.cc:344] GL version: 2.1 (2.1 Metal - 90.5), renderer: Apple M1
I0000 00:00:1774628652.526929       1 gl_context.cc:344] GL version: 2.1 (2.1 Metal - 90.5), renderer: Apple M1
I0000 00:00:1774628652.740644       1 gl_context.cc:344] GL version: 2.1 (2.1 Metal - 90.5), renderer: Apple M1
I0000 00:00:1774628653.055711       1 gl_context.cc:344] GL version: 2.1 (2.1 Metal - 90.5), renderer: Apple M1
I0000 00:00:1774628653.220595       1 gl_context.cc:344] GL version: 2.1 (2.1 Metal - 90.5), renderer: Apple M1
I0000 00:00:1774628653.375947       1 gl_context.cc:344] GL version: 2.1 (2.1 Metal - 90.5), renderer: Apple M1
I0000 00:00:1774628653.549028       1 gl_context.cc:344] GL version: 2.1 (2.1 Metal - 90.5), renderer: Apple M1
I0000 00:00:1774628653.730833       1 gl_context.cc:344] GL version: 2.1 (2.1 Metal - 90.5), renderer: Apple M1
I0000 00:00:1774628653.937158       1 gl_context.cc:344] GL version: 2.1 (2.1 Metal - 90.5), renderer: Apple M1
I0000 00:00:1774628654.102089       1 gl_context.cc:344] GL version: 2.1 (2.1 Metal - 90.5), renderer: Apple M1
I0000 00:00:1774628654.252107       1 gl_context.cc:344] GL version: 2.1 (2.1 Metal - 90.5), renderer: Apple M1
I0000 00:00:1774628654.439526       1 gl_context.cc:344] GL version: 2.1 (2.1 Metal - 90.5), renderer: Apple M1
I0000 00:00:1774628654.570563       1 gl_context.cc:344] GL version: 2.1 (2.1 Metal - 90.5), renderer: Apple M1
I0000 00:00:1774628654.743372       1 gl_context.cc:344] GL version: 2.1 (2.1 Metal - 90.5), renderer: Apple M1
I0000 00:00:1774628654.905925       1 gl_context.cc:344] GL version: 2.1 (2.1 Metal - 90.5), renderer: Apple M1
I0000 00:00:1774628655.069451       1 gl_context.cc:344] GL version: 2.1 (2.1 Metal - 90.5), renderer: Apple M1
I0000 00:00:1774628655.244504       1 gl_context.cc:344] GL version: 2.1 (2.1 Metal - 90.5), renderer: Apple M1
I0000 00:00:1774628655.421047       1 gl_context.cc:344] GL version: 2.1 (2.1 Metal - 90.5), renderer: Apple M1
I0000 00:00:1774628655.601144       1 gl_context.cc:344] GL version: 2.1 (2.1 Metal - 90.5), renderer: Apple M1
I0000 00:00:1774628655.767038       1 gl_context.cc:344] GL version: 2.1 (2.1 Metal - 90.5), renderer: Apple M1
I0000 00:00:1774628655.926167       1 gl_context.cc:344] GL version: 2.1 (2.1 Metal - 90.5), renderer: Apple M1
I0000 00:00:1774628656.103766       1 gl_context.cc:344] GL version: 2.1 (2.1 Metal - 90.5), renderer: Apple M1
I0000 00:00:1774628656.274599       1 gl_context.cc:344] GL version: 2.1 (2.1 Metal - 90.5), renderer: Apple M1
I0000 00:00:1774628656.452368       1 gl_context.cc:344] GL version: 2.1 (2.1 Metal - 90.5), renderer: Apple M1
I0000 00:00:1774628656.617771       1 gl_context.cc:344] GL version: 2.1 (2.1 Metal - 90.5), renderer: Apple M1
I0000 00:00:1774628656.802017       1 gl_context.cc:344] GL version: 2.1 (2.1 Metal - 90.5), renderer: Apple M1
I0000 00:00:1774628656.984407       1 gl_context.cc:344] GL version: 2.1 (2.1 Metal - 90.5), renderer: Apple M1
I0000 00:00:1774628657.167646       1 gl_context.cc:344] GL version: 2.1 (2.1 Metal - 90.5), renderer: Apple M1
I0000 00:00:1774628657.335240       1 gl_context.cc:344] GL version: 2.1 (2.1 Metal - 90.5), renderer: Apple M1
I0000 00:00:1774628657.507609       1 gl_context.cc:344] GL version: 2.1 (2.1 Metal - 90.5), renderer: Apple M1
I0000 00:00:1774628657.692891       1 gl_context.cc:344] GL version: 2.1 (2.1 Metal - 90.5), renderer: Apple M1
I0000 00:00:1774628657.851168       1 gl_context.cc:344] GL version: 2.1 (2.1 Metal - 90.5), renderer: Apple M1
I0000 00:00:1774628658.038240       1 gl_context.cc:344] GL version: 2.1 (2.1 Metal - 90.5), renderer: Apple M1
I0000 00:00:1774628658.204507       1 gl_context.cc:344] GL version: 2.1 (2.1 Metal - 90.5), renderer: Apple M1
I0000 00:00:1774628658.347923       1 gl_context.cc:344] GL version: 2.1 (2.1 Metal - 90.5), renderer: Apple M1
I0000 00:00:1774628658.517164       1 gl_context.cc:344] GL version: 2.1 (2.1 Metal - 90.5), renderer: Apple M1
I0000 00:00:1774628658.672734       1 gl_context.cc:344] GL version: 2.1 (2.1 Metal - 90.5), renderer: Apple M1
I0000 00:00:1774628658.850352       1 gl_context.cc:344] GL version: 2.1 (2.1 Metal - 90.5), renderer: Apple M1
I0000 00:00:1774628659.015284       1 gl_context.cc:344] GL version: 2.1 (2.1 Metal - 90.5), renderer: Apple M1
I0000 00:00:1774628659.183888       1 gl_context.cc:344] GL version: 2.1 (2.1 Metal - 90.5), renderer: Apple M1
I0000 00:00:1774628659.366952       1 gl_context.cc:344] GL version: 2.1 (2.1 Metal - 90.5), renderer: Apple M1
I0000 00:00:1774628659.537118       1 gl_context.cc:344] GL version: 2.1 (2.1 Metal - 90.5), renderer: Apple M1
I0000 00:00:1774628659.718558       1 gl_context.cc:344] GL version: 2.1 (2.1 Metal - 90.5), renderer: Apple M1
I0000 00:00:1774628659.834978       1 gl_context.cc:344] GL version: 2.1 (2.1 Metal - 90.5), renderer: Apple M1
I0000 00:00:1774628659.952012       1 gl_context.cc:344] GL version: 2.1 (2.1 Metal - 90.5), renderer: Apple M1
I0000 00:00:1774628660.129599       1 gl_context.cc:344] GL version: 2.1 (2.1 Metal - 90.5), renderer: Apple M1
I0000 00:00:1774628660.255559       1 gl_context.cc:344] GL version: 2.1 (2.1 Metal - 90.5), renderer: Apple M1
I0000 00:00:1774628660.417878       1 gl_context.cc:344] GL version: 2.1 (2.1 Metal - 90.5), renderer: Apple M1
I0000 00:00:1774628660.550070       1 gl_context.cc:344] GL version: 2.1 (2.1 Metal - 90.5), renderer: Apple M1
I0000 00:00:1774628660.664184       1 gl_context.cc:344] GL version: 2.1 (2.1 Metal - 90.5), renderer: Apple M1
I0000 00:00:1774628660.831321       1 gl_context.cc:344] GL version: 2.1 (2.1 Metal - 90.5), renderer: Apple M1
I0000 00:00:1774628660.954355       1 gl_context.cc:344] GL version: 2.1 (2.1 Metal - 90.5), renderer: Apple M1
I0000 00:00:1774628661.075784       1 gl_context.cc:344] GL version: 2.1 (2.1 Metal - 90.5), renderer: Apple M1
I0000 00:00:1774628661.251684       1 gl_context.cc:344] GL version: 2.1 (2.1 Metal - 90.5), renderer: Apple M1
I0000 00:00:1774628661.412238       1 gl_context.cc:344] GL version: 2.1 (2.1 Metal - 90.5), renderer: Apple M1
I0000 00:00:1774628661.530695       1 gl_context.cc:344] GL version: 2.1 (2.1 Metal - 90.5), renderer: Apple M1
I0000 00:00:1774628661.678816       1 gl_context.cc:344] GL version: 2.1 (2.1 Metal - 90.5), renderer: Apple M1
I0000 00:00:1774628661.854851       1 gl_context.cc:344] GL version: 2.1 (2.1 Metal - 90.5), renderer: Apple M1
I0000 00:00:1774628661.983358       1 gl_context.cc:344] GL version: 2.1 (2.1 Metal - 90.5), renderer: Apple M1
I0000 00:00:1774628662.109194       1 gl_context.cc:344] GL version: 2.1 (2.1 Metal - 90.5), renderer: Apple M1
I0000 00:00:1774628662.252742       1 gl_context.cc:344] GL version: 2.1 (2.1 Metal - 90.5), renderer: Apple M1
I0000 00:00:1774628662.364854       1 gl_context.cc:344] GL version: 2.1 (2.1 Metal - 90.5), renderer: Apple M1
I0000 00:00:1774628662.533740       1 gl_context.cc:344] GL version: 2.1 (2.1 Metal - 90.5), renderer: Apple M1
I0000 00:00:1774628662.702443       1 gl_context.cc:344] GL version: 2.1 (2.1 Metal - 90.5), renderer: Apple M1
I0000 00:00:1774628662.870401       1 gl_context.cc:344] GL version: 2.1 (2.1 Metal - 90.5), renderer: Apple M1
I0000 00:00:1774628662.990065       1 gl_context.cc:344] GL version: 2.1 (2.1 Metal - 90.5), renderer: Apple M1
I0000 00:00:1774628663.102905       1 gl_context.cc:344] GL version: 2.1 (2.1 Metal - 90.5), renderer: Apple M1
I0000 00:00:1774628663.219671       1 gl_context.cc:344] GL version: 2.1 (2.1 Metal - 90.5), renderer: Apple M1
I0000 00:00:1774628663.340690       1 gl_context.cc:344] GL version: 2.1 (2.1 Metal - 90.5), renderer: Apple M1
I0000 00:00:1774628663.492182       1 gl_context.cc:344] GL version: 2.1 (2.1 Metal - 90.5), renderer: Apple M1
I0000 00:00:1774628663.735767       1 gl_context.cc:344] GL version: 2.1 (2.1 Metal - 90.5), renderer: Apple M1
I0000 00:00:1774628663.839435       1 gl_context.cc:344] GL version: 2.1 (2.1 Metal - 90.5), renderer: Apple M1
I0000 00:00:1774628663.952811       1 gl_context.cc:344] GL version: 2.1 (2.1 Metal - 90.5), renderer: Apple M1
I0000 00:00:1774628664.070261       1 gl_context.cc:344] GL version: 2.1 (2.1 Metal - 90.5), renderer: Apple M1
I0000 00:00:1774628664.275312       1 gl_context.cc:344] GL version: 2.1 (2.1 Metal - 90.5), renderer: Apple M1
I0000 00:00:1774628664.399230       1 gl_context.cc:344] GL version: 2.1 (2.1 Metal - 90.5), renderer: Apple M1
I0000 00:00:1774628664.517417       1 gl_context.cc:344] GL version: 2.1 (2.1 Metal - 90.5), renderer: Apple M1
I0000 00:00:1774628664.634954       1 gl_context.cc:344] GL version: 2.1 (2.1 Metal - 90.5), renderer: Apple M1
I0000 00:00:1774628664.738764       1 gl_context.cc:344] GL version: 2.1 (2.1 Metal - 90.5), renderer: Apple M1
I0000 00:00:1774628664.856282       1 gl_context.cc:344] GL version: 2.1 (2.1 Metal - 90.5), renderer: Apple M1
I0000 00:00:1774628664.979247       1 gl_context.cc:344] GL version: 2.1 (2.1 Metal - 90.5), renderer: Apple M1
I0000 00:00:1774628665.112958       1 gl_context.cc:344] GL version: 2.1 (2.1 Metal - 90.5), renderer: Apple M1
I0000 00:00:1774628665.242622       1 gl_context.cc:344] GL version: 2.1 (2.1 Metal - 90.5), renderer: Apple M1
I0000 00:00:1774628665.359827       1 gl_context.cc:344] GL version: 2.1 (2.1 Metal - 90.5), renderer: Apple M1
I0000 00:00:1774628665.470867       1 gl_context.cc:344] GL version: 2.1 (2.1 Metal - 90.5), renderer: Apple M1
I0000 00:00:1774628665.584628       1 gl_context.cc:344] GL version: 2.1 (2.1 Metal - 90.5), renderer: Apple M1
I0000 00:00:1774628665.706700       1 gl_context.cc:344] GL version: 2.1 (2.1 Metal - 90.5), renderer: Apple M1
I0000 00:00:1774628665.827034       1 gl_context.cc:344] GL version: 2.1 (2.1 Metal - 90.5), renderer: Apple M1
I0000 00:00:1774628665.949311       1 gl_context.cc:344] GL version: 2.1 (2.1 Metal - 90.5), renderer: Apple M1
I0000 00:00:1774628666.074157       1 gl_context.cc:344] GL version: 2.1 (2.1 Metal - 90.5), renderer: Apple M1
I0000 00:00:1774628666.187656       1 gl_context.cc:344] GL version: 2.1 (2.1 Metal - 90.5), renderer: Apple M1
I0000 00:00:1774628666.303982       1 gl_context.cc:344] GL version: 2.1 (2.1 Metal - 90.5), renderer: Apple M1
I0000 00:00:1774628666.450384       1 gl_context.cc:344] GL version: 2.1 (2.1 Metal - 90.5), renderer: Apple M1
I0000 00:00:1774628666.576179       1 gl_context.cc:344] GL version: 2.1 (2.1 Metal - 90.5), renderer: Apple M1
I0000 00:00:1774628666.699655       1 gl_context.cc:344] GL version: 2.1 (2.1 Metal - 90.5), renderer: Apple M1
I0000 00:00:1774628666.865977       1 gl_context.cc:344] GL version: 2.1 (2.1 Metal - 90.5), renderer: Apple M1
I0000 00:00:1774628666.984667       1 gl_context.cc:344] GL version: 2.1 (2.1 Metal - 90.5), renderer: Apple M1
I0000 00:00:1774628667.092714       1 gl_context.cc:344] GL version: 2.1 (2.1 Metal - 90.5), renderer: Apple M1
I0000 00:00:1774628667.203541       1 gl_context.cc:344] GL version: 2.1 (2.1 Metal - 90.5), renderer: Apple M1
I0000 00:00:1774628667.321628       1 gl_context.cc:344] GL version: 2.1 (2.1 Metal - 90.5), renderer: Apple M1
I0000 00:00:1774628667.501568       1 gl_context.cc:344] GL version: 2.1 (2.1 Metal - 90.5), renderer: Apple M1
I0000 00:00:1774628667.624983       1 gl_context.cc:344] GL version: 2.1 (2.1 Metal - 90.5), renderer: Apple M1
I0000 00:00:1774628667.740986       1 gl_context.cc:344] GL version: 2.1 (2.1 Metal - 90.5), renderer: Apple M1
I0000 00:00:1774628667.891301       1 gl_context.cc:344] GL version: 2.1 (2.1 Metal - 90.5), renderer: Apple M1
I0000 00:00:1774628668.050039       1 gl_context.cc:344] GL version: 2.1 (2.1 Metal - 90.5), renderer: Apple M1
I0000 00:00:1774628668.174418       1 gl_context.cc:344] GL version: 2.1 (2.1 Metal - 90.5), renderer: Apple M1
I0000 00:00:1774628668.339479       1 gl_context.cc:344] GL version: 2.1 (2.1 Metal - 90.5), renderer: Apple M1
I0000 00:00:1774628668.502767       1 gl_context.cc:344] GL version: 2.1 (2.1 Metal - 90.5), renderer: Apple M1
I0000 00:00:1774628668.618318       1 gl_context.cc:344] GL version: 2.1 (2.1 Metal - 90.5), renderer: Apple M1
I0000 00:00:1774628668.752821       1 gl_context.cc:344] GL version: 2.1 (2.1 Metal - 90.5), renderer: Apple M1
I0000 00:00:1774628668.869503       1 gl_context.cc:344] GL version: 2.1 (2.1 Metal - 90.5), renderer: Apple M1
I0000 00:00:1774628668.989789       1 gl_context.cc:344] GL version: 2.1 (2.1 Metal - 90.5), renderer: Apple M1
I0000 00:00:1774628669.115568       1 gl_context.cc:344] GL version: 2.1 (2.1 Metal - 90.5), renderer: Apple M1
I0000 00:00:1774628669.235026       1 gl_context.cc:344] GL version: 2.1 (2.1 Metal - 90.5), renderer: Apple M1
I0000 00:00:1774628669.343664       1 gl_context.cc:344] GL version: 2.1 (2.1 Metal - 90.5), renderer: Apple M1
I0000 00:00:1774628669.455075       1 gl_context.cc:344] GL version: 2.1 (2.1 Metal - 90.5), renderer: Apple M1
I0000 00:00:1774628669.581404       1 gl_context.cc:344] GL version: 2.1 (2.1 Metal - 90.5), renderer: Apple M1
I0000 00:00:1774628669.699939       1 gl_context.cc:344] GL version: 2.1 (2.1 Metal - 90.5), renderer: Apple M1
I0000 00:00:1774628669.866200       1 gl_context.cc:344] GL version: 2.1 (2.1 Metal - 90.5), renderer: Apple M1
I0000 00:00:1774628669.990041       1 gl_context.cc:344] GL version: 2.1 (2.1 Metal - 90.5), renderer: Apple M1
I0000 00:00:1774628670.116224       1 gl_context.cc:344] GL version: 2.1 (2.1 Metal - 90.5), renderer: Apple M1
I0000 00:00:1774628670.234523       1 gl_context.cc:344] GL version: 2.1 (2.1 Metal - 90.5), renderer: Apple M1
I0000 00:00:1774628670.358863       1 gl_context.cc:344] GL version: 2.1 (2.1 Metal - 90.5), renderer: Apple M1
I0000 00:00:1774628670.484763       1 gl_context.cc:344] GL version: 2.1 (2.1 Metal - 90.5), renderer: Apple M1
I0000 00:00:1774628670.657046       1 gl_context.cc:344] GL version: 2.1 (2.1 Metal - 90.5), renderer: Apple M1
I0000 00:00:1774628670.782732       1 gl_context.cc:344] GL version: 2.1 (2.1 Metal - 90.5), renderer: Apple M1
I0000 00:00:1774628670.890035       1 gl_context.cc:344] GL version: 2.1 (2.1 Metal - 90.5), renderer: Apple M1
I0000 00:00:1774628671.002002       1 gl_context.cc:344] GL version: 2.1 (2.1 Metal - 90.5), renderer: Apple M1
I0000 00:00:1774628671.116181       1 gl_context.cc:344] GL version: 2.1 (2.1 Metal - 90.5), renderer: Apple M1
I0000 00:00:1774628671.238372       1 gl_context.cc:344] GL version: 2.1 (2.1 Metal - 90.5), renderer: Apple M1
I0000 00:00:1774628671.359629       1 gl_context.cc:344] GL version: 2.1 (2.1 Metal - 90.5), renderer: Apple M1
I0000 00:00:1774628671.481578       1 gl_context.cc:344] GL version: 2.1 (2.1 Metal - 90.5), renderer: Apple M1
I0000 00:00:1774628671.641417       1 gl_context.cc:344] GL version: 2.1 (2.1 Metal - 90.5), renderer: Apple M1
I0000 00:00:1774628671.764910       1 gl_context.cc:344] GL version: 2.1 (2.1 Metal - 90.5), renderer: Apple M1
I0000 00:00:1774628671.885854       1 gl_context.cc:344] GL version: 2.1 (2.1 Metal - 90.5), renderer: Apple M1
I0000 00:00:1774628672.018530       1 gl_context.cc:344] GL version: 2.1 (2.1 Metal - 90.5), renderer: Apple M1
I0000 00:00:1774628672.180533       1 gl_context.cc:344] GL version: 2.1 (2.1 Metal - 90.5), renderer: Apple M1
I0000 00:00:1774628672.334453       1 gl_context.cc:344] GL version: 2.1 (2.1 Metal - 90.5), renderer: Apple M1
I0000 00:00:1774628672.491632       1 gl_context.cc:344] GL version: 2.1 (2.1 Metal - 90.5), renderer: Apple M1
I0000 00:00:1774628672.715217       1 gl_context.cc:344] GL version: 2.1 (2.1 Metal - 90.5), renderer: Apple M1
I0000 00:00:1774628672.933301       1 gl_context.cc:344] GL version: 2.1 (2.1 Metal - 90.5), renderer: Apple M1
I0000 00:00:1774628673.134260       1 gl_context.cc:344] GL version: 2.1 (2.1 Metal - 90.5), renderer: Apple M1
I0000 00:00:1774628673.413516       1 gl_context.cc:344] GL version: 2.1 (2.1 Metal - 90.5), renderer: Apple M1
I0000 00:00:1774628673.564006       1 gl_context.cc:344] GL version: 2.1 (2.1 Metal - 90.5), renderer: Apple M1
I0000 00:00:1774628673.682873       1 gl_context.cc:344] GL version: 2.1 (2.1 Metal - 90.5), renderer: Apple M1
I0000 00:00:1774628673.801036       1 gl_context.cc:344] GL version: 2.1 (2.1 Metal - 90.5), renderer: Apple M1
I0000 00:00:1774628673.929303       1 gl_context.cc:344] GL version: 2.1 (2.1 Metal - 90.5), renderer: Apple M1
I0000 00:00:1774628674.048392       1 gl_context.cc:344] GL version: 2.1 (2.1 Metal - 90.5), renderer: Apple M1
I0000 00:00:1774628674.154119       1 gl_context.cc:344] GL version: 2.1 (2.1 Metal - 90.5), renderer: Apple M1
I0000 00:00:1774628674.265201       1 gl_context.cc:344] GL version: 2.1 (2.1 Metal - 90.5), renderer: Apple M1
I0000 00:00:1774628674.381697       1 gl_context.cc:344] GL version: 2.1 (2.1 Metal - 90.5), renderer: Apple M1
I0000 00:00:1774628674.509055       1 gl_context.cc:344] GL version: 2.1 (2.1 Metal - 90.5), renderer: Apple M1
I0000 00:00:1774628674.631583       1 gl_context.cc:344] GL version: 2.1 (2.1 Metal - 90.5), renderer: Apple M1
I0000 00:00:1774628674.755290       1 gl_context.cc:344] GL version: 2.1 (2.1 Metal - 90.5), renderer: Apple M1
I0000 00:00:1774628674.873175       1 gl_context.cc:344] GL version: 2.1 (2.1 Metal - 90.5), renderer: Apple M1
I0000 00:00:1774628674.993111       1 gl_context.cc:344] GL version: 2.1 (2.1 Metal - 90.5), renderer: Apple M1
I0000 00:00:1774628675.117609       1 gl_context.cc:344] GL version: 2.1 (2.1 Metal - 90.5), renderer: Apple M1
I0000 00:00:1774628675.239498       1 gl_context.cc:344] GL version: 2.1 (2.1 Metal - 90.5), renderer: Apple M1
I0000 00:00:1774628675.374144       1 gl_context.cc:344] GL version: 2.1 (2.1 Metal - 90.5), renderer: Apple M1
I0000 00:00:1774628675.500493       1 gl_context.cc:344] GL version: 2.1 (2.1 Metal - 90.5), renderer: Apple M1
I0000 00:00:1774628675.621035       1 gl_context.cc:344] GL version: 2.1 (2.1 Metal - 90.5), renderer: Apple M1
I0000 00:00:1774628675.735722       1 gl_context.cc:344] GL version: 2.1 (2.1 Metal - 90.5), renderer: Apple M1
I0000 00:00:1774628675.842948       1 gl_context.cc:344] GL version: 2.1 (2.1 Metal - 90.5), renderer: Apple M1
I0000 00:00:1774628675.955034       1 gl_context.cc:344] GL version: 2.1 (2.1 Metal - 90.5), renderer: Apple M1
I0000 00:00:1774628676.074351       1 gl_context.cc:344] GL version: 2.1 (2.1 Metal - 90.5), renderer: Apple M1
I0000 00:00:1774628676.194864       1 gl_context.cc:344] GL version: 2.1 (2.1 Metal - 90.5), renderer: Apple M1
I0000 00:00:1774628676.316123       1 gl_context.cc:344] GL version: 2.1 (2.1 Metal - 90.5), renderer: Apple M1
I0000 00:00:1774628676.438507       1 gl_context.cc:344] GL version: 2.1 (2.1 Metal - 90.5), renderer: Apple M1
I0000 00:00:1774628676.548623       1 gl_context.cc:344] GL version: 2.1 (2.1 Metal - 90.5), renderer: Apple M1
I0000 00:00:1774628676.654248       1 gl_context.cc:344] GL version: 2.1 (2.1 Metal - 90.5), renderer: Apple M1
I0000 00:00:1774628676.774485       1 gl_context.cc:344] GL version: 2.1 (2.1 Metal - 90.5), renderer: Apple M1
I0000 00:00:1774628676.901226       1 gl_context.cc:344] GL version: 2.1 (2.1 Metal - 90.5), renderer: Apple M1
I0000 00:00:1774628677.019839       1 gl_context.cc:344] GL version: 2.1 (2.1 Metal - 90.5), renderer: Apple M1
I0000 00:00:1774628677.179947       1 gl_context.cc:344] GL version: 2.1 (2.1 Metal - 90.5), renderer: Apple M1
I0000 00:00:1774628677.286258       1 gl_context.cc:344] GL version: 2.1 (2.1 Metal - 90.5), renderer: Apple M1
I0000 00:00:1774628677.392815       1 gl_context.cc:344] GL version: 2.1 (2.1 Metal - 90.5), renderer: Apple M1
I0000 00:00:1774628677.509448       1 gl_context.cc:344] GL version: 2.1 (2.1 Metal - 90.5), renderer: Apple M1
I0000 00:00:1774628677.629276       1 gl_context.cc:344] GL version: 2.1 (2.1 Metal - 90.5), renderer: Apple M1
I0000 00:00:1774628677.749469       1 gl_context.cc:344] GL version: 2.1 (2.1 Metal - 90.5), renderer: Apple M1
I0000 00:00:1774628677.867129       1 gl_context.cc:344] GL version: 2.1 (2.1 Metal - 90.5), renderer: Apple M1
I0000 00:00:1774628677.979948       1 gl_context.cc:344] GL version: 2.1 (2.1 Metal - 90.5), renderer: Apple M1
I0000 00:00:1774628678.084374       1 gl_context.cc:344] GL version: 2.1 (2.1 Metal - 90.5), renderer: Apple M1
I0000 00:00:1774628678.198700       1 gl_context.cc:344] GL version: 2.1 (2.1 Metal - 90.5), renderer: Apple M1
I0000 00:00:1774628678.315130       1 gl_context.cc:344] GL version: 2.1 (2.1 Metal - 90.5), renderer: Apple M1
I0000 00:00:1774628678.436925       1 gl_context.cc:344] GL version: 2.1 (2.1 Metal - 90.5), renderer: Apple M1
I0000 00:00:1774628678.553700       1 gl_context.cc:344] GL version: 2.1 (2.1 Metal - 90.5), renderer: Apple M1
I0000 00:00:1774628678.671769       1 gl_context.cc:344] GL version: 2.1 (2.1 Metal - 90.5), renderer: Apple M1
I0000 00:00:1774628678.780142       1 gl_context.cc:344] GL version: 2.1 (2.1 Metal - 90.5), renderer: Apple M1
I0000 00:00:1774628678.881581       1 gl_context.cc:344] GL version: 2.1 (2.1 Metal - 90.5), renderer: Apple M1
I0000 00:00:1774628678.996333       1 gl_context.cc:344] GL version: 2.1 (2.1 Metal - 90.5), renderer: Apple M1
I0000 00:00:1774628679.117956       1 gl_context.cc:344] GL version: 2.1 (2.1 Metal - 90.5), renderer: Apple M1
I0000 00:00:1774628679.232355       1 gl_context.cc:344] GL version: 2.1 (2.1 Metal - 90.5), renderer: Apple M1
I0000 00:00:1774628679.350631       1 gl_context.cc:344] GL version: 2.1 (2.1 Metal - 90.5), renderer: Apple M1
I0000 00:00:1774628679.467412       1 gl_context.cc:344] GL version: 2.1 (2.1 Metal - 90.5), renderer: Apple M1
I0000 00:00:1774628679.570778       1 gl_context.cc:344] GL version: 2.1 (2.1 Metal - 90.5), renderer: Apple M1
I0000 00:00:1774628679.681255       1 gl_context.cc:344] GL version: 2.1 (2.1 Metal - 90.5), renderer: Apple M1
I0000 00:00:1774628679.798687       1 gl_context.cc:344] GL version: 2.1 (2.1 Metal - 90.5), renderer: Apple M1
I0000 00:00:1774628679.925675       1 gl_context.cc:344] GL version: 2.1 (2.1 Metal - 90.5), renderer: Apple M1
I0000 00:00:1774628680.055675       1 gl_context.cc:344] GL version: 2.1 (2.1 Metal - 90.5), renderer: Apple M1
I0000 00:00:1774628680.189110       1 gl_context.cc:344] GL version: 2.1 (2.1 Metal - 90.5), renderer: Apple M1
I0000 00:00:1774628680.303257       1 gl_context.cc:344] GL version: 2.1 (2.1 Metal - 90.5), renderer: Apple M1
I0000 00:00:1774628680.408026       1 gl_context.cc:344] GL version: 2.1 (2.1 Metal - 90.5), renderer: Apple M1
I0000 00:00:1774628680.567060       1 gl_context.cc:344] GL version: 2.1 (2.1 Metal - 90.5), renderer: Apple M1
I0000 00:00:1774628680.690261       1 gl_context.cc:344] GL version: 2.1 (2.1 Metal - 90.5), renderer: Apple M1
I0000 00:00:1774628680.820854       1 gl_context.cc:344] GL version: 2.1 (2.1 Metal - 90.5), renderer: Apple M1
I0000 00:00:1774628680.941761       1 gl_context.cc:344] GL version: 2.1 (2.1 Metal - 90.5), renderer: Apple M1
I0000 00:00:1774628681.090836       1 gl_context.cc:344] GL version: 2.1 (2.1 Metal - 90.5), renderer: Apple M1
I0000 00:00:1774628681.195439       1 gl_context.cc:344] GL version: 2.1 (2.1 Metal - 90.5), renderer: Apple M1
I0000 00:00:1774628681.306804       1 gl_context.cc:344] GL version: 2.1 (2.1 Metal - 90.5), renderer: Apple M1
I0000 00:00:1774628681.430838       1 gl_context.cc:344] GL version: 2.1 (2.1 Metal - 90.5), renderer: Apple M1
I0000 00:00:1774628681.599392       1 gl_context.cc:344] GL version: 2.1 (2.1 Metal - 90.5), renderer: Apple M1
I0000 00:00:1774628681.766602       1 gl_context.cc:344] GL version: 2.1 (2.1 Metal - 90.5), renderer: Apple M1
I0000 00:00:1774628681.917579       1 gl_context.cc:344] GL version: 2.1 (2.1 Metal - 90.5), renderer: Apple M1
I0000 00:00:1774628682.051588       1 gl_context.cc:344] GL version: 2.1 (2.1 Metal - 90.5), renderer: Apple M1
I0000 00:00:1774628682.207180       1 gl_context.cc:344] GL version: 2.1 (2.1 Metal - 90.5), renderer: Apple M1
I0000 00:00:1774628682.358540       1 gl_context.cc:344] GL version: 2.1 (2.1 Metal - 90.5), renderer: Apple M1
I0000 00:00:1774628682.504259       1 gl_context.cc:344] GL version: 2.1 (2.1 Metal - 90.5), renderer: Apple M1
I0000 00:00:1774628682.640189       1 gl_context.cc:344] GL version: 2.1 (2.1 Metal - 90.5), renderer: Apple M1
I0000 00:00:1774628682.775101       1 gl_context.cc:344] GL version: 2.1 (2.1 Metal - 90.5), renderer: Apple M1
I0000 00:00:1774628682.919744       1 gl_context.cc:344] GL version: 2.1 (2.1 Metal - 90.5), renderer: Apple M1
I0000 00:00:1774628683.071087       1 gl_context.cc:344] GL version: 2.1 (2.1 Metal - 90.5), renderer: Apple M1
I0000 00:00:1774628683.253332       1 gl_context.cc:344] GL version: 2.1 (2.1 Metal - 90.5), renderer: Apple M1
I0000 00:00:1774628683.388173       1 gl_context.cc:344] GL version: 2.1 (2.1 Metal - 90.5), renderer: Apple M1
I0000 00:00:1774628683.515290       1 gl_context.cc:344] GL version: 2.1 (2.1 Metal - 90.5), renderer: Apple M1
I0000 00:00:1774628683.649659       1 gl_context.cc:344] GL version: 2.1 (2.1 Metal - 90.5), renderer: Apple M1
I0000 00:00:1774628683.792048       1 gl_context.cc:344] GL version: 2.1 (2.1 Metal - 90.5), renderer: Apple M1
I0000 00:00:1774628683.949380       1 gl_context.cc:344] GL version: 2.1 (2.1 Metal - 90.5), renderer: Apple M1
I0000 00:00:1774628684.089058       1 gl_context.cc:344] GL version: 2.1 (2.1 Metal - 90.5), renderer: Apple M1
I0000 00:00:1774628684.215034       1 gl_context.cc:344] GL version: 2.1 (2.1 Metal - 90.5), renderer: Apple M1
I0000 00:00:1774628684.348390       1 gl_context.cc:344] GL version: 2.1 (2.1 Metal - 90.5), renderer: Apple M1
I0000 00:00:1774628684.498586       1 gl_context.cc:344] GL version: 2.1 (2.1 Metal - 90.5), renderer: Apple M1
I0000 00:00:1774628684.663354       1 gl_context.cc:344] GL version: 2.1 (2.1 Metal - 90.5), renderer: Apple M1
I0000 00:00:1774628684.800310       1 gl_context.cc:344] GL version: 2.1 (2.1 Metal - 90.5), renderer: Apple M1
I0000 00:00:1774628684.964494       1 gl_context.cc:344] GL version: 2.1 (2.1 Metal - 90.5), renderer: Apple M1
I0000 00:00:1774628685.107725       1 gl_context.cc:344] GL version: 2.1 (2.1 Metal - 90.5), renderer: Apple M1
I0000 00:00:1774628685.271050       1 gl_context.cc:344] GL version: 2.1 (2.1 Metal - 90.5), renderer: Apple M1
I0000 00:00:1774628685.397966       1 gl_context.cc:344] GL version: 2.1 (2.1 Metal - 90.5), renderer: Apple M1
I0000 00:00:1774628685.549164       1 gl_context.cc:344] GL version: 2.1 (2.1 Metal - 90.5), renderer: Apple M1
I0000 00:00:1774628685.665456       1 gl_context.cc:344] GL version: 2.1 (2.1 Metal - 90.5), renderer: Apple M1
I0000 00:00:1774628685.816008       1 gl_context.cc:344] GL version: 2.1 (2.1 Metal - 90.5), renderer: Apple M1
I0000 00:00:1774628685.982644       1 gl_context.cc:344] GL version: 2.1 (2.1 Metal - 90.5), renderer: Apple M1
I0000 00:00:1774628686.150675       1 gl_context.cc:344] GL version: 2.1 (2.1 Metal - 90.5), renderer: Apple M1
I0000 00:00:1774628686.314703       1 gl_context.cc:344] GL version: 2.1 (2.1 Metal - 90.5), renderer: Apple M1
I0000 00:00:1774628686.473366       1 gl_context.cc:344] GL version: 2.1 (2.1 Metal - 90.5), renderer: Apple M1
I0000 00:00:1774628686.607510       1 gl_context.cc:344] GL version: 2.1 (2.1 Metal - 90.5), renderer: Apple M1
I0000 00:00:1774628686.768869       1 gl_context.cc:344] GL version: 2.1 (2.1 Metal - 90.5), renderer: Apple M1
I0000 00:00:1774628686.931316       1 gl_context.cc:344] GL version: 2.1 (2.1 Metal - 90.5), renderer: Apple M1
I0000 00:00:1774628687.096017       1 gl_context.cc:344] GL version: 2.1 (2.1 Metal - 90.5), renderer: Apple M1
I0000 00:00:1774628687.241958       1 gl_context.cc:344] GL version: 2.1 (2.1 Metal - 90.5), renderer: Apple M1
I0000 00:00:1774628687.374037       1 gl_context.cc:344] GL version: 2.1 (2.1 Metal - 90.5), renderer: Apple M1
I0000 00:00:1774628687.520702       1 gl_context.cc:344] GL version: 2.1 (2.1 Metal - 90.5), renderer: Apple M1
I0000 00:00:1774628687.640373       1 gl_context.cc:344] GL version: 2.1 (2.1 Metal - 90.5), renderer: Apple M1
I0000 00:00:1774628687.797371       1 gl_context.cc:344] GL version: 2.1 (2.1 Metal - 90.5), renderer: Apple M1
I0000 00:00:1774628687.952729       1 gl_context.cc:344] GL version: 2.1 (2.1 Metal - 90.5), renderer: Apple M1
I0000 00:00:1774628688.063588       1 gl_context.cc:344] GL version: 2.1 (2.1 Metal - 90.5), renderer: Apple M1
I0000 00:00:1774628688.197791       1 gl_context.cc:344] GL version: 2.1 (2.1 Metal - 90.5), renderer: Apple M1
I0000 00:00:1774628688.360455       1 gl_context.cc:344] GL version: 2.1 (2.1 Metal - 90.5), renderer: Apple M1
I0000 00:00:1774628688.519714       1 gl_context.cc:344] GL version: 2.1 (2.1 Metal - 90.5), renderer: Apple M1
I0000 00:00:1774628688.635283       1 gl_context.cc:344] GL version: 2.1 (2.1 Metal - 90.5), renderer: Apple M1
I0000 00:00:1774628688.740259       1 gl_context.cc:344] GL version: 2.1 (2.1 Metal - 90.5), renderer: Apple M1
I0000 00:00:1774628688.844657       1 gl_context.cc:344] GL version: 2.1 (2.1 Metal - 90.5), renderer: Apple M1
I0000 00:00:1774628688.985453       1 gl_context.cc:344] GL version: 2.1 (2.1 Metal - 90.5), renderer: Apple M1
I0000 00:00:1774628689.147800       1 gl_context.cc:344] GL version: 2.1 (2.1 Metal - 90.5), renderer: Apple M1
I0000 00:00:1774628689.312716       1 gl_context.cc:344] GL version: 2.1 (2.1 Metal - 90.5), renderer: Apple M1
I0000 00:00:1774628689.430847       1 gl_context.cc:344] GL version: 2.1 (2.1 Metal - 90.5), renderer: Apple M1
I0000 00:00:1774628689.616196       1 gl_context.cc:344] GL version: 2.1 (2.1 Metal - 90.5), renderer: Apple M1
I0000 00:00:1774628689.746254       1 gl_context.cc:344] GL version: 2.1 (2.1 Metal - 90.5), renderer: Apple M1
I0000 00:00:1774628689.914536       1 gl_context.cc:344] GL version: 2.1 (2.1 Metal - 90.5), renderer: Apple M1
I0000 00:00:1774628690.044802       1 gl_context.cc:344] GL version: 2.1 (2.1 Metal - 90.5), renderer: Apple M1
I0000 00:00:1774628690.216753       1 gl_context.cc:344] GL version: 2.1 (2.1 Metal - 90.5), renderer: Apple M1
I0000 00:00:1774628690.357694       1 gl_context.cc:344] GL version: 2.1 (2.1 Metal - 90.5), renderer: Apple M1
I0000 00:00:1774628690.505599       1 gl_context.cc:344] GL version: 2.1 (2.1 Metal - 90.5), renderer: Apple M1
I0000 00:00:1774628690.624126       1 gl_context.cc:344] GL version: 2.1 (2.1 Metal - 90.5), renderer: Apple M1
I0000 00:00:1774628690.745997       1 gl_context.cc:344] GL version: 2.1 (2.1 Metal - 90.5), renderer: Apple M1
I0000 00:00:1774628690.872251       1 gl_context.cc:344] GL version: 2.1 (2.1 Metal - 90.5), renderer: Apple M1
I0000 00:00:1774628690.992063       1 gl_context.cc:344] GL version: 2.1 (2.1 Metal - 90.5), renderer: Apple M1
I0000 00:00:1774628691.098679       1 gl_context.cc:344] GL version: 2.1 (2.1 Metal - 90.5), renderer: Apple M1
I0000 00:00:1774628691.202323       1 gl_context.cc:344] GL version: 2.1 (2.1 Metal - 90.5), renderer: Apple M1
I0000 00:00:1774628691.315599       1 gl_context.cc:344] GL version: 2.1 (2.1 Metal - 90.5), renderer: Apple M1
I0000 00:00:1774628691.434535       1 gl_context.cc:344] GL version: 2.1 (2.1 Metal - 90.5), renderer: Apple M1
I0000 00:00:1774628691.552641       1 gl_context.cc:344] GL version: 2.1 (2.1 Metal - 90.5), renderer: Apple M1
I0000 00:00:1774628691.682228       1 gl_context.cc:344] GL version: 2.1 (2.1 Metal - 90.5), renderer: Apple M1
I0000 00:00:1774628691.800761       1 gl_context.cc:344] GL version: 2.1 (2.1 Metal - 90.5), renderer: Apple M1
I0000 00:00:1774628691.907217       1 gl_context.cc:344] GL version: 2.1 (2.1 Metal - 90.5), renderer: Apple M1
I0000 00:00:1774628692.013575       1 gl_context.cc:344] GL version: 2.1 (2.1 Metal - 90.5), renderer: Apple M1
I0000 00:00:1774628692.128529       1 gl_context.cc:344] GL version: 2.1 (2.1 Metal - 90.5), renderer: Apple M1
I0000 00:00:1774628692.251920       1 gl_context.cc:344] GL version: 2.1 (2.1 Metal - 90.5), renderer: Apple M1
I0000 00:00:1774628692.556328       1 gl_context.cc:344] GL version: 2.1 (2.1 Metal - 90.5), renderer: Apple M1
I0000 00:00:1774628692.701572       1 gl_context.cc:344] GL version: 2.1 (2.1 Metal - 90.5), renderer: Apple M1
I0000 00:00:1774628692.822661       1 gl_context.cc:344] GL version: 2.1 (2.1 Metal - 90.5), renderer: Apple M1
I0000 00:00:1774628692.951335       1 gl_context.cc:344] GL version: 2.1 (2.1 Metal - 90.5), renderer: Apple M1
I0000 00:00:1774628693.089430       1 gl_context.cc:344] GL version: 2.1 (2.1 Metal - 90.5), renderer: Apple M1
I0000 00:00:1774628693.272150       1 gl_context.cc:344] GL version: 2.1 (2.1 Metal - 90.5), renderer: Apple M1
I0000 00:00:1774628693.448874       1 gl_context.cc:344] GL version: 2.1 (2.1 Metal - 90.5), renderer: Apple M1
I0000 00:00:1774628693.568305       1 gl_context.cc:344] GL version: 2.1 (2.1 Metal - 90.5), renderer: Apple M1
I0000 00:00:1774628693.751128       1 gl_context.cc:344] GL version: 2.1 (2.1 Metal - 90.5), renderer: Apple M1
I0000 00:00:1774628693.870125       1 gl_context.cc:344] GL version: 2.1 (2.1 Metal - 90.5), renderer: Apple M1
I0000 00:00:1774628693.990742       1 gl_context.cc:344] GL version: 2.1 (2.1 Metal - 90.5), renderer: Apple M1
I0000 00:00:1774628694.108290       1 gl_context.cc:344] GL version: 2.1 (2.1 Metal - 90.5), renderer: Apple M1
I0000 00:00:1774628694.223442       1 gl_context.cc:344] GL version: 2.1 (2.1 Metal - 90.5), renderer: Apple M1
I0000 00:00:1774628694.332897       1 gl_context.cc:344] GL version: 2.1 (2.1 Metal - 90.5), renderer: Apple M1
I0000 00:00:1774628694.438537       1 gl_context.cc:344] GL version: 2.1 (2.1 Metal - 90.5), renderer: Apple M1
I0000 00:00:1774628694.586978       1 gl_context.cc:344] GL version: 2.1 (2.1 Metal - 90.5), renderer: Apple M1
I0000 00:00:1774628694.702753       1 gl_context.cc:344] GL version: 2.1 (2.1 Metal - 90.5), renderer: Apple M1
I0000 00:00:1774628694.821235       1 gl_context.cc:344] GL version: 2.1 (2.1 Metal - 90.5), renderer: Apple M1
I0000 00:00:1774628694.944301       1 gl_context.cc:344] GL version: 2.1 (2.1 Metal - 90.5), renderer: Apple M1
I0000 00:00:1774628695.063282       1 gl_context.cc:344] GL version: 2.1 (2.1 Metal - 90.5), renderer: Apple M1
I0000 00:00:1774628695.181221       1 gl_context.cc:344] GL version: 2.1 (2.1 Metal - 90.5), renderer: Apple M1
I0000 00:00:1774628695.299477       1 gl_context.cc:344] GL version: 2.1 (2.1 Metal - 90.5), renderer: Apple M1
I0000 00:00:1774628695.417330       1 gl_context.cc:344] GL version: 2.1 (2.1 Metal - 90.5), renderer: Apple M1
I0000 00:00:1774628695.535864       1 gl_context.cc:344] GL version: 2.1 (2.1 Metal - 90.5), renderer: Apple M1
I0000 00:00:1774628695.651423       1 gl_context.cc:344] GL version: 2.1 (2.1 Metal - 90.5), renderer: Apple M1
I0000 00:00:1774628695.764149       1 gl_context.cc:344] GL version: 2.1 (2.1 Metal - 90.5), renderer: Apple M1
I0000 00:00:1774628695.913598       1 gl_context.cc:344] GL version: 2.1 (2.1 Metal - 90.5), renderer: Apple M1
I0000 00:00:1774628696.029247       1 gl_context.cc:344] GL version: 2.1 (2.1 Metal - 90.5), renderer: Apple M1
I0000 00:00:1774628696.182268       1 gl_context.cc:344] GL version: 2.1 (2.1 Metal - 90.5), renderer: Apple M1
I0000 00:00:1774628696.335599       1 gl_context.cc:344] GL version: 2.1 (2.1 Metal - 90.5), renderer: Apple M1
I0000 00:00:1774628696.455871       1 gl_context.cc:344] GL version: 2.1 (2.1 Metal - 90.5), renderer: Apple M1
I0000 00:00:1774628696.564529       1 gl_context.cc:344] GL version: 2.1 (2.1 Metal - 90.5), renderer: Apple M1
I0000 00:00:1774628696.669653       1 gl_context.cc:344] GL version: 2.1 (2.1 Metal - 90.5), renderer: Apple M1
I0000 00:00:1774628696.823003       1 gl_context.cc:344] GL version: 2.1 (2.1 Metal - 90.5), renderer: Apple M1
I0000 00:00:1774628696.945752       1 gl_context.cc:344] GL version: 2.1 (2.1 Metal - 90.5), renderer: Apple M1
I0000 00:00:1774628697.065926       1 gl_context.cc:344] GL version: 2.1 (2.1 Metal - 90.5), renderer: Apple M1
I0000 00:00:1774628697.190632       1 gl_context.cc:344] GL version: 2.1 (2.1 Metal - 90.5), renderer: Apple M1
I0000 00:00:1774628697.301170       1 gl_context.cc:344] GL version: 2.1 (2.1 Metal - 90.5), renderer: Apple M1
I0000 00:00:1774628697.403286       1 gl_context.cc:344] GL version: 2.1 (2.1 Metal - 90.5), renderer: Apple M1
I0000 00:00:1774628697.510837       1 gl_context.cc:344] GL version: 2.1 (2.1 Metal - 90.5), renderer: Apple M1
I0000 00:00:1774628697.677909       1 gl_context.cc:344] GL version: 2.1 (2.1 Metal - 90.5), renderer: Apple M1
I0000 00:00:1774628697.843899       1 gl_context.cc:344] GL version: 2.1 (2.1 Metal - 90.5), renderer: Apple M1
I0000 00:00:1774628697.989905       1 gl_context.cc:344] GL version: 2.1 (2.1 Metal - 90.5), renderer: Apple M1
I0000 00:00:1774628698.128201       1 gl_context.cc:344] GL version: 2.1 (2.1 Metal - 90.5), renderer: Apple M1
I0000 00:00:1774628698.231221       1 gl_context.cc:344] GL version: 2.1 (2.1 Metal - 90.5), renderer: Apple M1
I0000 00:00:1774628698.345770       1 gl_context.cc:344] GL version: 2.1 (2.1 Metal - 90.5), renderer: Apple M1
I0000 00:00:1774628698.464072       1 gl_context.cc:344] GL version: 2.1 (2.1 Metal - 90.5), renderer: Apple M1
I0000 00:00:1774628698.580602       1 gl_context.cc:344] GL version: 2.1 (2.1 Metal - 90.5), renderer: Apple M1
I0000 00:00:1774628698.697070       1 gl_context.cc:344] GL version: 2.1 (2.1 Metal - 90.5), renderer: Apple M1
I0000 00:00:1774628698.846970       1 gl_context.cc:344] GL version: 2.1 (2.1 Metal - 90.5), renderer: Apple M1
I0000 00:00:1774628698.951358       1 gl_context.cc:344] GL version: 2.1 (2.1 Metal - 90.5), renderer: Apple M1
I0000 00:00:1774628699.064535       1 gl_context.cc:344] GL version: 2.1 (2.1 Metal - 90.5), renderer: Apple M1
I0000 00:00:1774628699.180860       1 gl_context.cc:344] GL version: 2.1 (2.1 Metal - 90.5), renderer: Apple M1
I0000 00:00:1774628699.300393       1 gl_context.cc:344] GL version: 2.1 (2.1 Metal - 90.5), renderer: Apple M1
I0000 00:00:1774628699.449549       1 gl_context.cc:344] GL version: 2.1 (2.1 Metal - 90.5), renderer: Apple M1
I0000 00:00:1774628699.583500       1 gl_context.cc:344] GL version: 2.1 (2.1 Metal - 90.5), renderer: Apple M1
I0000 00:00:1774628699.690002       1 gl_context.cc:344] GL version: 2.1 (2.1 Metal - 90.5), renderer: Apple M1
I0000 00:00:1774628699.799484       1 gl_context.cc:344] GL version: 2.1 (2.1 Metal - 90.5), renderer: Apple M1
I0000 00:00:1774628699.924232       1 gl_context.cc:344] GL version: 2.1 (2.1 Metal - 90.5), renderer: Apple M1
I0000 00:00:1774628700.055473       1 gl_context.cc:344] GL version: 2.1 (2.1 Metal - 90.5), renderer: Apple M1
I0000 00:00:1774628700.180103       1 gl_context.cc:344] GL version: 2.1 (2.1 Metal - 90.5), renderer: Apple M1
I0000 00:00:1774628700.296243       1 gl_context.cc:344] GL version: 2.1 (2.1 Metal - 90.5), renderer: Apple M1
I0000 00:00:1774628700.401480       1 gl_context.cc:344] GL version: 2.1 (2.1 Metal - 90.5), renderer: Apple M1
I0000 00:00:1774628700.506804       1 gl_context.cc:344] GL version: 2.1 (2.1 Metal - 90.5), renderer: Apple M1
I0000 00:00:1774628700.664035       1 gl_context.cc:344] GL version: 2.1 (2.1 Metal - 90.5), renderer: Apple M1
I0000 00:00:1774628700.784108       1 gl_context.cc:344] GL version: 2.1 (2.1 Metal - 90.5), renderer: Apple M1
I0000 00:00:1774628700.938195       1 gl_context.cc:344] GL version: 2.1 (2.1 Metal - 90.5), renderer: Apple M1
I0000 00:00:1774628701.049973       1 gl_context.cc:344] GL version: 2.1 (2.1 Metal - 90.5), renderer: Apple M1
I0000 00:00:1774628701.157330       1 gl_context.cc:344] GL version: 2.1 (2.1 Metal - 90.5), renderer: Apple M1
I0000 00:00:1774628701.264573       1 gl_context.cc:344] GL version: 2.1 (2.1 Metal - 90.5), renderer: Apple M1
I0000 00:00:1774628701.380356       1 gl_context.cc:344] GL version: 2.1 (2.1 Metal - 90.5), renderer: Apple M1
I0000 00:00:1774628701.496566       1 gl_context.cc:344] GL version: 2.1 (2.1 Metal - 90.5), renderer: Apple M1
I0000 00:00:1774628701.648953       1 gl_context.cc:344] GL version: 2.1 (2.1 Metal - 90.5), renderer: Apple M1
I0000 00:00:1774628701.768973       1 gl_context.cc:344] GL version: 2.1 (2.1 Metal - 90.5), renderer: Apple M1
I0000 00:00:1774628701.876572       1 gl_context.cc:344] GL version: 2.1 (2.1 Metal - 90.5), renderer: Apple M1
I0000 00:00:1774628701.979718       1 gl_context.cc:344] GL version: 2.1 (2.1 Metal - 90.5), renderer: Apple M1
I0000 00:00:1774628702.131842       1 gl_context.cc:344] GL version: 2.1 (2.1 Metal - 90.5), renderer: Apple M1
I0000 00:00:1774628702.249202       1 gl_context.cc:344] GL version: 2.1 (2.1 Metal - 90.5), renderer: Apple M1
I0000 00:00:1774628702.365559       1 gl_context.cc:344] GL version: 2.1 (2.1 Metal - 90.5), renderer: Apple M1
I0000 00:00:1774628702.481622       1 gl_context.cc:344] GL version: 2.1 (2.1 Metal - 90.5), renderer: Apple M1
I0000 00:00:1774628702.590344       1 gl_context.cc:344] GL version: 2.1 (2.1 Metal - 90.5), renderer: Apple M1
I0000 00:00:1774628702.694519       1 gl_context.cc:344] GL version: 2.1 (2.1 Metal - 90.5), renderer: Apple M1
I0000 00:00:1774628702.799904       1 gl_context.cc:344] GL version: 2.1 (2.1 Metal - 90.5), renderer: Apple M1
I0000 00:00:1774628702.913348       1 gl_context.cc:344] GL version: 2.1 (2.1 Metal - 90.5), renderer: Apple M1
I0000 00:00:1774628703.030176       1 gl_context.cc:344] GL version: 2.1 (2.1 Metal - 90.5), renderer: Apple M1
I0000 00:00:1774628703.148954       1 gl_context.cc:344] GL version: 2.1 (2.1 Metal - 90.5), renderer: Apple M1
I0000 00:00:1774628703.262578       1 gl_context.cc:344] GL version: 2.1 (2.1 Metal - 90.5), renderer: Apple M1
I0000 00:00:1774628703.367352       1 gl_context.cc:344] GL version: 2.1 (2.1 Metal - 90.5), renderer: Apple M1
I0000 00:00:1774628703.470432       1 gl_context.cc:344] GL version: 2.1 (2.1 Metal - 90.5), renderer: Apple M1
I0000 00:00:1774628703.578819       1 gl_context.cc:344] GL version: 2.1 (2.1 Metal - 90.5), renderer: Apple M1
I0000 00:00:1774628703.698539       1 gl_context.cc:344] GL version: 2.1 (2.1 Metal - 90.5), renderer: Apple M1
I0000 00:00:1774628703.814873       1 gl_context.cc:344] GL version: 2.1 (2.1 Metal - 90.5), renderer: Apple M1
I0000 00:00:1774628703.931727       1 gl_context.cc:344] GL version: 2.1 (2.1 Metal - 90.5), renderer: Apple M1
I0000 00:00:1774628704.048458       1 gl_context.cc:344] GL version: 2.1 (2.1 Metal - 90.5), renderer: Apple M1
I0000 00:00:1774628704.151695       1 gl_context.cc:344] GL version: 2.1 (2.1 Metal - 90.5), renderer: Apple M1
I0000 00:00:1774628704.255396       1 gl_context.cc:344] GL version: 2.1 (2.1 Metal - 90.5), renderer: Apple M1
I0000 00:00:1774628704.366675       1 gl_context.cc:344] GL version: 2.1 (2.1 Metal - 90.5), renderer: Apple M1
I0000 00:00:1774628704.480294       1 gl_context.cc:344] GL version: 2.1 (2.1 Metal - 90.5), renderer: Apple M1
I0000 00:00:1774628704.594648       1 gl_context.cc:344] GL version: 2.1 (2.1 Metal - 90.5), renderer: Apple M1
I0000 00:00:1774628704.710745       1 gl_context.cc:344] GL version: 2.1 (2.1 Metal - 90.5), renderer: Apple M1
I0000 00:00:1774628704.822115       1 gl_context.cc:344] GL version: 2.1 (2.1 Metal - 90.5), renderer: Apple M1
I0000 00:00:1774628704.929204       1 gl_context.cc:344] GL version: 2.1 (2.1 Metal - 90.5), renderer: Apple M1
I0000 00:00:1774628705.048944       1 gl_context.cc:344] GL version: 2.1 (2.1 Metal - 90.5), renderer: Apple M1
I0000 00:00:1774628705.182378       1 gl_context.cc:344] GL version: 2.1 (2.1 Metal - 90.5), renderer: Apple M1
I0000 00:00:1774628705.303270       1 gl_context.cc:344] GL version: 2.1 (2.1 Metal - 90.5), renderer: Apple M1
I0000 00:00:1774628705.423409       1 gl_context.cc:344] GL version: 2.1 (2.1 Metal - 90.5), renderer: Apple M1
I0000 00:00:1774628705.539749       1 gl_context.cc:344] GL version: 2.1 (2.1 Metal - 90.5), renderer: Apple M1
I0000 00:00:1774628705.646380       1 gl_context.cc:344] GL version: 2.1 (2.1 Metal - 90.5), renderer: Apple M1
I0000 00:00:1774628705.753398       1 gl_context.cc:344] GL version: 2.1 (2.1 Metal - 90.5), renderer: Apple M1
I0000 00:00:1774628705.867958       1 gl_context.cc:344] GL version: 2.1 (2.1 Metal - 90.5), renderer: Apple M1
I0000 00:00:1774628705.986184       1 gl_context.cc:344] GL version: 2.1 (2.1 Metal - 90.5), renderer: Apple M1
I0000 00:00:1774628706.103014       1 gl_context.cc:344] GL version: 2.1 (2.1 Metal - 90.5), renderer: Apple M1
I0000 00:00:1774628706.218933       1 gl_context.cc:344] GL version: 2.1 (2.1 Metal - 90.5), renderer: Apple M1
I0000 00:00:1774628706.331780       1 gl_context.cc:344] GL version: 2.1 (2.1 Metal - 90.5), renderer: Apple M1
I0000 00:00:1774628706.437989       1 gl_context.cc:344] GL version: 2.1 (2.1 Metal - 90.5), renderer: Apple M1
I0000 00:00:1774628706.682078       1 gl_context.cc:344] GL version: 2.1 (2.1 Metal - 90.5), renderer: Apple M1
I0000 00:00:1774628706.797896       1 gl_context.cc:344] GL version: 2.1 (2.1 Metal - 90.5), renderer: Apple M1
I0000 00:00:1774628706.915021       1 gl_context.cc:344] GL version: 2.1 (2.1 Metal - 90.5), renderer: Apple M1
I0000 00:00:1774628707.030990       1 gl_context.cc:344] GL version: 2.1 (2.1 Metal - 90.5), renderer: Apple M1
I0000 00:00:1774628707.136542       1 gl_context.cc:344] GL version: 2.1 (2.1 Metal - 90.5), renderer: Apple M1
I0000 00:00:1774628707.283321       1 gl_context.cc:344] GL version: 2.1 (2.1 Metal - 90.5), renderer: Apple M1
I0000 00:00:1774628707.439153       1 gl_context.cc:344] GL version: 2.1 (2.1 Metal - 90.5), renderer: Apple M1
I0000 00:00:1774628707.606385       1 gl_context.cc:344] GL version: 2.1 (2.1 Metal - 90.5), renderer: Apple M1
I0000 00:00:1774628707.770397       1 gl_context.cc:344] GL version: 2.1 (2.1 Metal - 90.5), renderer: Apple M1
I0000 00:00:1774628707.915142       1 gl_context.cc:344] GL version: 2.1 (2.1 Metal - 90.5), renderer: Apple M1
I0000 00:00:1774628708.062303       1 gl_context.cc:344] GL version: 2.1 (2.1 Metal - 90.5), renderer: Apple M1
I0000 00:00:1774628708.216914       1 gl_context.cc:344] GL version: 2.1 (2.1 Metal - 90.5), renderer: Apple M1
I0000 00:00:1774628708.376646       1 gl_context.cc:344] GL version: 2.1 (2.1 Metal - 90.5), renderer: Apple M1
I0000 00:00:1774628708.494229       1 gl_context.cc:344] GL version: 2.1 (2.1 Metal - 90.5), renderer: Apple M1
I0000 00:00:1774628708.605044       1 gl_context.cc:344] GL version: 2.1 (2.1 Metal - 90.5), renderer: Apple M1
I0000 00:00:1774628708.711874       1 gl_context.cc:344] GL version: 2.1 (2.1 Metal - 90.5), renderer: Apple M1
I0000 00:00:1774628708.817492       1 gl_context.cc:344] GL version: 2.1 (2.1 Metal - 90.5), renderer: Apple M1
I0000 00:00:1774628708.976029       1 gl_context.cc:344] GL version: 2.1 (2.1 Metal - 90.5), renderer: Apple M1
I0000 00:00:1774628709.091766       1 gl_context.cc:344] GL version: 2.1 (2.1 Metal - 90.5), renderer: Apple M1
I0000 00:00:1774628709.234268       1 gl_context.cc:344] GL version: 2.1 (2.1 Metal - 90.5), renderer: Apple M1
I0000 00:00:1774628709.347022       1 gl_context.cc:344] GL version: 2.1 (2.1 Metal - 90.5), renderer: Apple M1
I0000 00:00:1774628709.453756       1 gl_context.cc:344] GL version: 2.1 (2.1 Metal - 90.5), renderer: Apple M1
I0000 00:00:1774628709.605551       1 gl_context.cc:344] GL version: 2.1 (2.1 Metal - 90.5), renderer: Apple M1
I0000 00:00:1774628709.720181       1 gl_context.cc:344] GL version: 2.1 (2.1 Metal - 90.5), renderer: Apple M1
I0000 00:00:1774628709.838281       1 gl_context.cc:344] GL version: 2.1 (2.1 Metal - 90.5), renderer: Apple M1
I0000 00:00:1774628710.003704       1 gl_context.cc:344] GL version: 2.1 (2.1 Metal - 90.5), renderer: Apple M1
I0000 00:00:1774628710.168981       1 gl_context.cc:344] GL version: 2.1 (2.1 Metal - 90.5), renderer: Apple M1
I0000 00:00:1774628710.282809       1 gl_context.cc:344] GL version: 2.1 (2.1 Metal - 90.5), renderer: Apple M1
I0000 00:00:1774628710.394943       1 gl_context.cc:344] GL version: 2.1 (2.1 Metal - 90.5), renderer: Apple M1
I0000 00:00:1774628710.546047       1 gl_context.cc:344] GL version: 2.1 (2.1 Metal - 90.5), renderer: Apple M1
I0000 00:00:1774628710.667113       1 gl_context.cc:344] GL version: 2.1 (2.1 Metal - 90.5), renderer: Apple M1
I0000 00:00:1774628710.784893       1 gl_context.cc:344] GL version: 2.1 (2.1 Metal - 90.5), renderer: Apple M1
I0000 00:00:1774628710.892311       1 gl_context.cc:344] GL version: 2.1 (2.1 Metal - 90.5), renderer: Apple M1
I0000 00:00:1774628711.038070       1 gl_context.cc:344] GL version: 2.1 (2.1 Metal - 90.5), renderer: Apple M1
I0000 00:00:1774628711.151891       1 gl_context.cc:344] GL version: 2.1 (2.1 Metal - 90.5), renderer: Apple M1
I0000 00:00:1774628711.272425       1 gl_context.cc:344] GL version: 2.1 (2.1 Metal - 90.5), renderer: Apple M1
I0000 00:00:1774628711.440189       1 gl_context.cc:344] GL version: 2.1 (2.1 Metal - 90.5), renderer: Apple M1
I0000 00:00:1774628711.600467       1 gl_context.cc:344] GL version: 2.1 (2.1 Metal - 90.5), renderer: Apple M1
I0000 00:00:1774628711.747916       1 gl_context.cc:344] GL version: 2.1 (2.1 Metal - 90.5), renderer: Apple M1
I0000 00:00:1774628711.899569       1 gl_context.cc:344] GL version: 2.1 (2.1 Metal - 90.5), renderer: Apple M1
I0000 00:00:1774628712.062657       1 gl_context.cc:344] GL version: 2.1 (2.1 Metal - 90.5), renderer: Apple M1
I0000 00:00:1774628712.181129       1 gl_context.cc:344] GL version: 2.1 (2.1 Metal - 90.5), renderer: Apple M1
I0000 00:00:1774628712.298806       1 gl_context.cc:344] GL version: 2.1 (2.1 Metal - 90.5), renderer: Apple M1
I0000 00:00:1774628712.404757       1 gl_context.cc:344] GL version: 2.1 (2.1 Metal - 90.5), renderer: Apple M1
I0000 00:00:1774628712.512091       1 gl_context.cc:344] GL version: 2.1 (2.1 Metal - 90.5), renderer: Apple M1
I0000 00:00:1774628712.655329       1 gl_context.cc:344] GL version: 2.1 (2.1 Metal - 90.5), renderer: Apple M1
I0000 00:00:1774628712.806119       1 gl_context.cc:344] GL version: 2.1 (2.1 Metal - 90.5), renderer: Apple M1
I0000 00:00:1774628712.952899       1 gl_context.cc:344] GL version: 2.1 (2.1 Metal - 90.5), renderer: Apple M1
I0000 00:00:1774628713.106145       1 gl_context.cc:344] GL version: 2.1 (2.1 Metal - 90.5), renderer: Apple M1
I0000 00:00:1774628713.250765       1 gl_context.cc:344] GL version: 2.1 (2.1 Metal - 90.5), renderer: Apple M1
I0000 00:00:1774628713.359413       1 gl_context.cc:344] GL version: 2.1 (2.1 Metal - 90.5), renderer: Apple M1
I0000 00:00:1774628713.472624       1 gl_context.cc:344] GL version: 2.1 (2.1 Metal - 90.5), renderer: Apple M1
I0000 00:00:1774628713.584064       1 gl_context.cc:344] GL version: 2.1 (2.1 Metal - 90.5), renderer: Apple M1
I0000 00:00:1774628713.702489       1 gl_context.cc:344] GL version: 2.1 (2.1 Metal - 90.5), renderer: Apple M1
I0000 00:00:1774628713.845899       1 gl_context.cc:344] GL version: 2.1 (2.1 Metal - 90.5), renderer: Apple M1
I0000 00:00:1774628713.989870       1 gl_context.cc:344] GL version: 2.1 (2.1 Metal - 90.5), renderer: Apple M1
I0000 00:00:1774628714.137897       1 gl_context.cc:344] GL version: 2.1 (2.1 Metal - 90.5), renderer: Apple M1
I0000 00:00:1774628714.296981       1 gl_context.cc:344] GL version: 2.1 (2.1 Metal - 90.5), renderer: Apple M1
I0000 00:00:1774628714.412629       1 gl_context.cc:344] GL version: 2.1 (2.1 Metal - 90.5), renderer: Apple M1
I0000 00:00:1774628714.572671       1 gl_context.cc:344] GL version: 2.1 (2.1 Metal - 90.5), renderer: Apple M1
I0000 00:00:1774628714.715243       1 gl_context.cc:344] GL version: 2.1 (2.1 Metal - 90.5), renderer: Apple M1
I0000 00:00:1774628714.823074       1 gl_context.cc:344] GL version: 2.1 (2.1 Metal - 90.5), renderer: Apple M1
I0000 00:00:1774628714.933569       1 gl_context.cc:344] GL version: 2.1 (2.1 Metal - 90.5), renderer: Apple M1
I0000 00:00:1774628715.053547       1 gl_context.cc:344] GL version: 2.1 (2.1 Metal - 90.5), renderer: Apple M1
I0000 00:00:1774628715.227907       1 gl_context.cc:344] GL version: 2.1 (2.1 Metal - 90.5), renderer: Apple M1
I0000 00:00:1774628715.344498       1 gl_context.cc:344] GL version: 2.1 (2.1 Metal - 90.5), renderer: Apple M1
I0000 00:00:1774628715.452914       1 gl_context.cc:344] GL version: 2.1 (2.1 Metal - 90.5), renderer: Apple M1
I0000 00:00:1774628715.561323       1 gl_context.cc:344] GL version: 2.1 (2.1 Metal - 90.5), renderer: Apple M1
I0000 00:00:1774628715.676510       1 gl_context.cc:344] GL version: 2.1 (2.1 Metal - 90.5), renderer: Apple M1
I0000 00:00:1774628715.795380       1 gl_context.cc:344] GL version: 2.1 (2.1 Metal - 90.5), renderer: Apple M1
I0000 00:00:1774628715.910664       1 gl_context.cc:344] GL version: 2.1 (2.1 Metal - 90.5), renderer: Apple M1
I0000 00:00:1774628716.029187       1 gl_context.cc:344] GL version: 2.1 (2.1 Metal - 90.5), renderer: Apple M1
I0000 00:00:1774628716.137333       1 gl_context.cc:344] GL version: 2.1 (2.1 Metal - 90.5), renderer: Apple M1
I0000 00:00:1774628716.245616       1 gl_context.cc:344] GL version: 2.1 (2.1 Metal - 90.5), renderer: Apple M1
I0000 00:00:1774628716.353591       1 gl_context.cc:344] GL version: 2.1 (2.1 Metal - 90.5), renderer: Apple M1
I0000 00:00:1774628716.503427       1 gl_context.cc:344] GL version: 2.1 (2.1 Metal - 90.5), renderer: Apple M1
I0000 00:00:1774628716.623092       1 gl_context.cc:344] GL version: 2.1 (2.1 Metal - 90.5), renderer: Apple M1
I0000 00:00:1774628716.749997       1 gl_context.cc:344] GL version: 2.1 (2.1 Metal - 90.5), renderer: Apple M1
I0000 00:00:1774628716.904468       1 gl_context.cc:344] GL version: 2.1 (2.1 Metal - 90.5), renderer: Apple M1
I0000 00:00:1774628717.020885       1 gl_context.cc:344] GL version: 2.1 (2.1 Metal - 90.5), renderer: Apple M1
I0000 00:00:1774628717.172879       1 gl_context.cc:344] GL version: 2.1 (2.1 Metal - 90.5), renderer: Apple M1
I0000 00:00:1774628717.355926       1 gl_context.cc:344] GL version: 2.1 (2.1 Metal - 90.5), renderer: Apple M1
I0000 00:00:1774628717.521880       1 gl_context.cc:344] GL version: 2.1 (2.1 Metal - 90.5), renderer: Apple M1
I0000 00:00:1774628717.692975       1 gl_context.cc:344] GL version: 2.1 (2.1 Metal - 90.5), renderer: Apple M1
I0000 00:00:1774628717.845366       1 gl_context.cc:344] GL version: 2.1 (2.1 Metal - 90.5), renderer: Apple M1
I0000 00:00:1774628717.951996       1 gl_context.cc:344] GL version: 2.1 (2.1 Metal - 90.5), renderer: Apple M1
I0000 00:00:1774628718.068515       1 gl_context.cc:344] GL version: 2.1 (2.1 Metal - 90.5), renderer: Apple M1
I0000 00:00:1774628718.197482       1 gl_context.cc:344] GL version: 2.1 (2.1 Metal - 90.5), renderer: Apple M1
I0000 00:00:1774628718.318680       1 gl_context.cc:344] GL version: 2.1 (2.1 Metal - 90.5), renderer: Apple M1
I0000 00:00:1774628718.476847       1 gl_context.cc:344] GL version: 2.1 (2.1 Metal - 90.5), renderer: Apple M1
I0000 00:00:1774628718.587575       1 gl_context.cc:344] GL version: 2.1 (2.1 Metal - 90.5), renderer: Apple M1
I0000 00:00:1774628718.734031       1 gl_context.cc:344] GL version: 2.1 (2.1 Metal - 90.5), renderer: Apple M1
I0000 00:00:1774628718.857434       1 gl_context.cc:344] GL version: 2.1 (2.1 Metal - 90.5), renderer: Apple M1
I0000 00:00:1774628718.972885       1 gl_context.cc:344] GL version: 2.1 (2.1 Metal - 90.5), renderer: Apple M1
I0000 00:00:1774628719.143676       1 gl_context.cc:344] GL version: 2.1 (2.1 Metal - 90.5), renderer: Apple M1
I0000 00:00:1774628719.294844       1 gl_context.cc:344] GL version: 2.1 (2.1 Metal - 90.5), renderer: Apple M1
I0000 00:00:1774628719.428719       1 gl_context.cc:344] GL version: 2.1 (2.1 Metal - 90.5), renderer: Apple M1
I0000 00:00:1774628719.565832       1 gl_context.cc:344] GL version: 2.1 (2.1 Metal - 90.5), renderer: Apple M1
I0000 00:00:1774628719.712014       1 gl_context.cc:344] GL version: 2.1 (2.1 Metal - 90.5), renderer: Apple M1
I0000 00:00:1774628719.877757       1 gl_context.cc:344] GL version: 2.1 (2.1 Metal - 90.5), renderer: Apple M1
I0000 00:00:1774628719.998850       1 gl_context.cc:344] GL version: 2.1 (2.1 Metal - 90.5), renderer: Apple M1
I0000 00:00:1774628720.121351       1 gl_context.cc:344] GL version: 2.1 (2.1 Metal - 90.5), renderer: Apple M1
I0000 00:00:1774628720.230746       1 gl_context.cc:344] GL version: 2.1 (2.1 Metal - 90.5), renderer: Apple M1
I0000 00:00:1774628720.343106       1 gl_context.cc:344] GL version: 2.1 (2.1 Metal - 90.5), renderer: Apple M1
I0000 00:00:1774628720.600374       1 gl_context.cc:344] GL version: 2.1 (2.1 Metal - 90.5), renderer: Apple M1
I0000 00:00:1774628720.765935       1 gl_context.cc:344] GL version: 2.1 (2.1 Metal - 90.5), renderer: Apple M1
I0000 00:00:1774628720.877942       1 gl_context.cc:344] GL version: 2.1 (2.1 Metal - 90.5), renderer: Apple M1
I0000 00:00:1774628720.986015       1 gl_context.cc:344] GL version: 2.1 (2.1 Metal - 90.5), renderer: Apple M1
I0000 00:00:1774628721.138394       1 gl_context.cc:344] GL version: 2.1 (2.1 Metal - 90.5), renderer: Apple M1
I0000 00:00:1774628721.256340       1 gl_context.cc:344] GL version: 2.1 (2.1 Metal - 90.5), renderer: Apple M1
I0000 00:00:1774628721.377133       1 gl_context.cc:344] GL version: 2.1 (2.1 Metal - 90.5), renderer: Apple M1
I0000 00:00:1774628721.538504       1 gl_context.cc:344] GL version: 2.1 (2.1 Metal - 90.5), renderer: Apple M1
I0000 00:00:1774628721.647120       1 gl_context.cc:344] GL version: 2.1 (2.1 Metal - 90.5), renderer: Apple M1
I0000 00:00:1774628721.751025       1 gl_context.cc:344] GL version: 2.1 (2.1 Metal - 90.5), renderer: Apple M1
I0000 00:00:1774628721.861811       1 gl_context.cc:344] GL version: 2.1 (2.1 Metal - 90.5), renderer: Apple M1
I0000 00:00:1774628722.017767       1 gl_context.cc:344] GL version: 2.1 (2.1 Metal - 90.5), renderer: Apple M1
I0000 00:00:1774628722.135317       1 gl_context.cc:344] GL version: 2.1 (2.1 Metal - 90.5), renderer: Apple M1
I0000 00:00:1774628722.293117       1 gl_context.cc:344] GL version: 2.1 (2.1 Metal - 90.5), renderer: Apple M1
I0000 00:00:1774628722.398895       1 gl_context.cc:344] GL version: 2.1 (2.1 Metal - 90.5), renderer: Apple M1
I0000 00:00:1774628722.502872       1 gl_context.cc:344] GL version: 2.1 (2.1 Metal - 90.5), renderer: Apple M1
I0000 00:00:1774628722.614015       1 gl_context.cc:344] GL version: 2.1 (2.1 Metal - 90.5), renderer: Apple M1
I0000 00:00:1774628722.781112       1 gl_context.cc:344] GL version: 2.1 (2.1 Metal - 90.5), renderer: Apple M1
I0000 00:00:1774628722.942188       1 gl_context.cc:344] GL version: 2.1 (2.1 Metal - 90.5), renderer: Apple M1
I0000 00:00:1774628723.059498       1 gl_context.cc:344] GL version: 2.1 (2.1 Metal - 90.5), renderer: Apple M1
I0000 00:00:1774628723.166504       1 gl_context.cc:344] GL version: 2.1 (2.1 Metal - 90.5), renderer: Apple M1
I0000 00:00:1774628723.310653       1 gl_context.cc:344] GL version: 2.1 (2.1 Metal - 90.5), renderer: Apple M1
I0000 00:00:1774628723.427982       1 gl_context.cc:344] GL version: 2.1 (2.1 Metal - 90.5), renderer: Apple M1
I0000 00:00:1774628723.544466       1 gl_context.cc:344] GL version: 2.1 (2.1 Metal - 90.5), renderer: Apple M1
I0000 00:00:1774628723.659908       1 gl_context.cc:344] GL version: 2.1 (2.1 Metal - 90.5), renderer: Apple M1
I0000 00:00:1774628723.777544       1 gl_context.cc:344] GL version: 2.1 (2.1 Metal - 90.5), renderer: Apple M1
I0000 00:00:1774628723.883877       1 gl_context.cc:344] GL version: 2.1 (2.1 Metal - 90.5), renderer: Apple M1
I0000 00:00:1774628723.987139       1 gl_context.cc:344] GL version: 2.1 (2.1 Metal - 90.5), renderer: Apple M1
I0000 00:00:1774628724.093410       1 gl_context.cc:344] GL version: 2.1 (2.1 Metal - 90.5), renderer: Apple M1
I0000 00:00:1774628724.284160       1 gl_context.cc:344] GL version: 2.1 (2.1 Metal - 90.5), renderer: Apple M1
I0000 00:00:1774628724.400620       1 gl_context.cc:344] GL version: 2.1 (2.1 Metal - 90.5), renderer: Apple M1
I0000 00:00:1774628724.552546       1 gl_context.cc:344] GL version: 2.1 (2.1 Metal - 90.5), renderer: Apple M1
I0000 00:00:1774628724.665780       1 gl_context.cc:344] GL version: 2.1 (2.1 Metal - 90.5), renderer: Apple M1
I0000 00:00:1774628724.770607       1 gl_context.cc:344] GL version: 2.1 (2.1 Metal - 90.5), renderer: Apple M1
I0000 00:00:1774628724.874985       1 gl_context.cc:344] GL version: 2.1 (2.1 Metal - 90.5), renderer: Apple M1
I0000 00:00:1774628725.042164       1 gl_context.cc:344] GL version: 2.1 (2.1 Metal - 90.5), renderer: Apple M1
I0000 00:00:1774628725.165308       1 gl_context.cc:344] GL version: 2.1 (2.1 Metal - 90.5), renderer: Apple M1
I0000 00:00:1774628725.284541       1 gl_context.cc:344] GL version: 2.1 (2.1 Metal - 90.5), renderer: Apple M1
I0000 00:00:1774628725.445525       1 gl_context.cc:344] GL version: 2.1 (2.1 Metal - 90.5), renderer: Apple M1
I0000 00:00:1774628725.578768       1 gl_context.cc:344] GL version: 2.1 (2.1 Metal - 90.5), renderer: Apple M1
I0000 00:00:1774628725.733451       1 gl_context.cc:344] GL version: 2.1 (2.1 Metal - 90.5), renderer: Apple M1
I0000 00:00:1774628725.854173       1 gl_context.cc:344] GL version: 2.1 (2.1 Metal - 90.5), renderer: Apple M1
I0000 00:00:1774628725.969863       1 gl_context.cc:344] GL version: 2.1 (2.1 Metal - 90.5), renderer: Apple M1
I0000 00:00:1774628726.086207       1 gl_context.cc:344] GL version: 2.1 (2.1 Metal - 90.5), renderer: Apple M1
I0000 00:00:1774628726.195130       1 gl_context.cc:344] GL version: 2.1 (2.1 Metal - 90.5), renderer: Apple M1
I0000 00:00:1774628726.342424       1 gl_context.cc:344] GL version: 2.1 (2.1 Metal - 90.5), renderer: Apple M1
I0000 00:00:1774628726.503368       1 gl_context.cc:344] GL version: 2.1 (2.1 Metal - 90.5), renderer: Apple M1
I0000 00:00:1774628726.624445       1 gl_context.cc:344] GL version: 2.1 (2.1 Metal - 90.5), renderer: Apple M1
I0000 00:00:1774628726.743510       1 gl_context.cc:344] GL version: 2.1 (2.1 Metal - 90.5), renderer: Apple M1
I0000 00:00:1774628726.863278       1 gl_context.cc:344] GL version: 2.1 (2.1 Metal - 90.5), renderer: Apple M1
I0000 00:00:1774628726.975460       1 gl_context.cc:344] GL version: 2.1 (2.1 Metal - 90.5), renderer: Apple M1
I0000 00:00:1774628727.081541       1 gl_context.cc:344] GL version: 2.1 (2.1 Metal - 90.5), renderer: Apple M1
I0000 00:00:1774628727.192522       1 gl_context.cc:344] GL version: 2.1 (2.1 Metal - 90.5), renderer: Apple M1
I0000 00:00:1774628727.350418       1 gl_context.cc:344] GL version: 2.1 (2.1 Metal - 90.5), renderer: Apple M1
I0000 00:00:1774628727.476652       1 gl_context.cc:344] GL version: 2.1 (2.1 Metal - 90.5), renderer: Apple M1
I0000 00:00:1774628727.596722       1 gl_context.cc:344] GL version: 2.1 (2.1 Metal - 90.5), renderer: Apple M1
I0000 00:00:1774628727.712036       1 gl_context.cc:344] GL version: 2.1 (2.1 Metal - 90.5), renderer: Apple M1
I0000 00:00:1774628727.818847       1 gl_context.cc:344] GL version: 2.1 (2.1 Metal - 90.5), renderer: Apple M1
I0000 00:00:1774628727.927612       1 gl_context.cc:344] GL version: 2.1 (2.1 Metal - 90.5), renderer: Apple M1
I0000 00:00:1774628728.042599       1 gl_context.cc:344] GL version: 2.1 (2.1 Metal - 90.5), renderer: Apple M1
I0000 00:00:1774628728.161447       1 gl_context.cc:344] GL version: 2.1 (2.1 Metal - 90.5), renderer: Apple M1
I0000 00:00:1774628728.284912       1 gl_context.cc:344] GL version: 2.1 (2.1 Metal - 90.5), renderer: Apple M1
I0000 00:00:1774628728.445604       1 gl_context.cc:344] GL version: 2.1 (2.1 Metal - 90.5), renderer: Apple M1
I0000 00:00:1774628728.550475       1 gl_context.cc:344] GL version: 2.1 (2.1 Metal - 90.5), renderer: Apple M1
I0000 00:00:1774628728.653958       1 gl_context.cc:344] GL version: 2.1 (2.1 Metal - 90.5), renderer: Apple M1
I0000 00:00:1774628728.769497       1 gl_context.cc:344] GL version: 2.1 (2.1 Metal - 90.5), renderer: Apple M1
I0000 00:00:1774628728.891276       1 gl_context.cc:344] GL version: 2.1 (2.1 Metal - 90.5), renderer: Apple M1
I0000 00:00:1774628729.004212       1 gl_context.cc:344] GL version: 2.1 (2.1 Metal - 90.5), renderer: Apple M1
I0000 00:00:1774628729.119488       1 gl_context.cc:344] GL version: 2.1 (2.1 Metal - 90.5), renderer: Apple M1
I0000 00:00:1774628729.229983       1 gl_context.cc:344] GL version: 2.1 (2.1 Metal - 90.5), renderer: Apple M1
I0000 00:00:1774628729.374739       1 gl_context.cc:344] GL version: 2.1 (2.1 Metal - 90.5), renderer: Apple M1
I0000 00:00:1774628729.481200       1 gl_context.cc:344] GL version: 2.1 (2.1 Metal - 90.5), renderer: Apple M1
I0000 00:00:1774628729.594326       1 gl_context.cc:344] GL version: 2.1 (2.1 Metal - 90.5), renderer: Apple M1
I0000 00:00:1774628729.709511       1 gl_context.cc:344] GL version: 2.1 (2.1 Metal - 90.5), renderer: Apple M1
I0000 00:00:1774628729.824873       1 gl_context.cc:344] GL version: 2.1 (2.1 Metal - 90.5), renderer: Apple M1
I0000 00:00:1774628729.941239       1 gl_context.cc:344] GL version: 2.1 (2.1 Metal - 90.5), renderer: Apple M1
I0000 00:00:1774628730.057204       1 gl_context.cc:344] GL version: 2.1 (2.1 Metal - 90.5), renderer: Apple M1
I0000 00:00:1774628730.178367       1 gl_context.cc:344] GL version: 2.1 (2.1 Metal - 90.5), renderer: Apple M1
I0000 00:00:1774628730.301464       1 gl_context.cc:344] GL version: 2.1 (2.1 Metal - 90.5), renderer: Apple M1
I0000 00:00:1774628730.471138       1 gl_context.cc:344] GL version: 2.1 (2.1 Metal - 90.5), renderer: Apple M1
I0000 00:00:1774628730.591562       1 gl_context.cc:344] GL version: 2.1 (2.1 Metal - 90.5), renderer: Apple M1
I0000 00:00:1774628730.711490       1 gl_context.cc:344] GL version: 2.1 (2.1 Metal - 90.5), renderer: Apple M1
I0000 00:00:1774628730.817189       1 gl_context.cc:344] GL version: 2.1 (2.1 Metal - 90.5), renderer: Apple M1
I0000 00:00:1774628731.081954       1 gl_context.cc:344] GL version: 2.1 (2.1 Metal - 90.5), renderer: Apple M1
I0000 00:00:1774628731.242080       1 gl_context.cc:344] GL version: 2.1 (2.1 Metal - 90.5), renderer: Apple M1
I0000 00:00:1774628731.401575       1 gl_context.cc:344] GL version: 2.1 (2.1 Metal - 90.5), renderer: Apple M1
I0000 00:00:1774628731.510337       1 gl_context.cc:344] GL version: 2.1 (2.1 Metal - 90.5), renderer: Apple M1
I0000 00:00:1774628731.614875       1 gl_context.cc:344] GL version: 2.1 (2.1 Metal - 90.5), renderer: Apple M1
I0000 00:00:1774628731.720780       1 gl_context.cc:344] GL version: 2.1 (2.1 Metal - 90.5), renderer: Apple M1
I0000 00:00:1774628731.883715       1 gl_context.cc:344] GL version: 2.1 (2.1 Metal - 90.5), renderer: Apple M1
I0000 00:00:1774628732.004554       1 gl_context.cc:344] GL version: 2.1 (2.1 Metal - 90.5), renderer: Apple M1
I0000 00:00:1774628732.127625       1 gl_context.cc:344] GL version: 2.1 (2.1 Metal - 90.5), renderer: Apple M1
I0000 00:00:1774628732.240263       1 gl_context.cc:344] GL version: 2.1 (2.1 Metal - 90.5), renderer: Apple M1
I0000 00:00:1774628732.345774       1 gl_context.cc:344] GL version: 2.1 (2.1 Metal - 90.5), renderer: Apple M1
I0000 00:00:1774628732.452545       1 gl_context.cc:344] GL version: 2.1 (2.1 Metal - 90.5), renderer: Apple M1
I0000 00:00:1774628732.570676       1 gl_context.cc:344] GL version: 2.1 (2.1 Metal - 90.5), renderer: Apple M1
I0000 00:00:1774628732.687784       1 gl_context.cc:344] GL version: 2.1 (2.1 Metal - 90.5), renderer: Apple M1
I0000 00:00:1774628732.850408       1 gl_context.cc:344] GL version: 2.1 (2.1 Metal - 90.5), renderer: Apple M1
I0000 00:00:1774628732.962721       1 gl_context.cc:344] GL version: 2.1 (2.1 Metal - 90.5), renderer: Apple M1
I0000 00:00:1774628733.070169       1 gl_context.cc:344] GL version: 2.1 (2.1 Metal - 90.5), renderer: Apple M1
I0000 00:00:1774628733.218712       1 gl_context.cc:344] GL version: 2.1 (2.1 Metal - 90.5), renderer: Apple M1
I0000 00:00:1774628733.333723       1 gl_context.cc:344] GL version: 2.1 (2.1 Metal - 90.5), renderer: Apple M1
I0000 00:00:1774628733.447016       1 gl_context.cc:344] GL version: 2.1 (2.1 Metal - 90.5), renderer: Apple M1
I0000 00:00:1774628733.562989       1 gl_context.cc:344] GL version: 2.1 (2.1 Metal - 90.5), renderer: Apple M1
I0000 00:00:1774628733.676638       1 gl_context.cc:344] GL version: 2.1 (2.1 Metal - 90.5), renderer: Apple M1
I0000 00:00:1774628733.781221       1 gl_context.cc:344] GL version: 2.1 (2.1 Metal - 90.5), renderer: Apple M1
I0000 00:00:1774628733.884339       1 gl_context.cc:344] GL version: 2.1 (2.1 Metal - 90.5), renderer: Apple M1
I0000 00:00:1774628733.992952       1 gl_context.cc:344] GL version: 2.1 (2.1 Metal - 90.5), renderer: Apple M1
I0000 00:00:1774628734.104464       1 gl_context.cc:344] GL version: 2.1 (2.1 Metal - 90.5), renderer: Apple M1
I0000 00:00:1774628734.260613       1 gl_context.cc:344] GL version: 2.1 (2.1 Metal - 90.5), renderer: Apple M1
I0000 00:00:1774628734.378984       1 gl_context.cc:344] GL version: 2.1 (2.1 Metal - 90.5), renderer: Apple M1
I0000 00:00:1774628734.485421       1 gl_context.cc:344] GL version: 2.1 (2.1 Metal - 90.5), renderer: Apple M1
I0000 00:00:1774628734.625563       1 gl_context.cc:344] GL version: 2.1 (2.1 Metal - 90.5), renderer: Apple M1
I0000 00:00:1774628734.734473       1 gl_context.cc:344] GL version: 2.1 (2.1 Metal - 90.5), renderer: Apple M1
I0000 00:00:1774628734.853024       1 gl_context.cc:344] GL version: 2.1 (2.1 Metal - 90.5), renderer: Apple M1
I0000 00:00:1774628734.971187       1 gl_context.cc:344] GL version: 2.1 (2.1 Metal - 90.5), renderer: Apple M1
I0000 00:00:1774628735.145248       1 gl_context.cc:344] GL version: 2.1 (2.1 Metal - 90.5), renderer: Apple M1
I0000 00:00:1774628735.301262       1 gl_context.cc:344] GL version: 2.1 (2.1 Metal - 90.5), renderer: Apple M1
I0000 00:00:1774628735.408552       1 gl_context.cc:344] GL version: 2.1 (2.1 Metal - 90.5), renderer: Apple M1
I0000 00:00:1774628735.521120       1 gl_context.cc:344] GL version: 2.1 (2.1 Metal - 90.5), renderer: Apple M1
I0000 00:00:1774628735.635793       1 gl_context.cc:344] GL version: 2.1 (2.1 Metal - 90.5), renderer: Apple M1
I0000 00:00:1774628735.758913       1 gl_context.cc:344] GL version: 2.1 (2.1 Metal - 90.5), renderer: Apple M1
I0000 00:00:1774628735.876422       1 gl_context.cc:344] GL version: 2.1 (2.1 Metal - 90.5), renderer: Apple M1
I0000 00:00:1774628735.986850       1 gl_context.cc:344] GL version: 2.1 (2.1 Metal - 90.5), renderer: Apple M1
I0000 00:00:1774628736.130836       1 gl_context.cc:344] GL version: 2.1 (2.1 Metal - 90.5), renderer: Apple M1
I0000 00:00:1774628736.292949       1 gl_context.cc:344] GL version: 2.1 (2.1 Metal - 90.5), renderer: Apple M1
I0000 00:00:1774628736.458462       1 gl_context.cc:344] GL version: 2.1 (2.1 Metal - 90.5), renderer: Apple M1
I0000 00:00:1774628736.625899       1 gl_context.cc:344] GL version: 2.1 (2.1 Metal - 90.5), renderer: Apple M1
INFO:     connection closed
